project_id,developer_id,district_id,project_name_th,project_name_en,unittype,province_id,lat,lon,project_land_rai,total_unit,starting_price,project_status,created_at,Unit,15H1,15H2,16H1,16H2,17H1,17H2,Bedroom,Bathroom,Price2020
4570,2895,1014,อิสสระ @42 สุขุมวิท,Issara @ 42 Sukhumvit,3,10,13.79141,100.5488,3.6925,620,2900000,U,2014,31,135243,137731,144022,145677,151650,152477,1,1,425000
2564,11572,1021,เดอะ ลิ้งค์ แอดวานซ์ สุขุมวิท 50,The Link Advance,3,10,13.65848,100.4285,16.4,2048,990000,A,2011,24,34798,34289,33352,33289,34637,38898,1,1,820000
2560,6032,1030,เอส คอนโดมิเนียม สุขุมวิท 50,S Condo Sukhumvit 50,3,10,13.82571,100.5453,7.5,1031,750000,A,2011,31,30599,30343,31210,33669,36639,34938,1,1,980000
1035,818,1022,เอ สเปซ มี สุขุมวิท 77,A Space Me Sukhumvit 77,3,10,13.70896,100.4517,26.4225,735,1590000,U,2011,31,46512,42544,48656,46445,47015,44430,1,1,990000
4943,11066,1035,DLV Thonglor,DLV THONGLOR,3,10,13.67371,100.4586,9.525,681,1950000,A,2014,23,,,60588,55539,53325,53619,1,1,999900
2857,12971,1040,ศุภาลัย ปาร์ค ศรีนครินทร์,Supalai Park Srinakarin,3,10,13.70822,100.4218,7,791,870000,U,2011,26,44337,44376,45006,45532,46927,49456,1,1,1020000
5320,135559,1036,เดอะ เลค สาทร,The Lake @ Metro Park,3,10,13.91296,100.5906,11.0725,1070,1450000,A,2015,28,,,46406,42489,38899,19554,1,1,1040000
2047,4159,1047,ศุภาลัย คาซา ริวา,SUPALAI CASA RIVA,3,10,13.65477,100.6478,11.06,1100,900000,A,2010,18.9,30713,34755,35652,42063,40108,43744,1,1,1050000
2590,6032,1047,เลอริช แอท พระราม 3,LE RICH @RAMA 3,3,10,13.67543,100.6039,14.8825,1745,900000,A,2011,31,36034,38392,38747,39384,39480,41147,1,1,1100000
2859,16744,1027,ศุภาลัย ริเวอร์ เพลส (เจริญนคร-ริมแม่น้ำเจ้าพระยา),,3,10,13.78658,100.6762,3.055,242,1390000,A,2011,27.5,,,39285,48333,47167,,1,1,1150000
3809,779,1035,ดิ เอสเคป สุขุมวิท 101/1,The Escape Sukhumvit 101/1,3,10,13.67906,100.4681,4.73,616,1550000,A,2013,30,46655,58526,53151,50268,56712,51721,1,1,1150000
4704,6032,1005,เดอะ เทรเชอร์ สีลม,The Treasure Silom,3,10,13.87805,100.5951,9.0575,1490,999000,A,2014,31,96705,98575,95770,91940,91907,95989,1,1,1150000
2100,10724,1011,ทรี คอนโด ลาดพร้าว 27 (Tree Condo Ladprao 27),TREE CONDO LADPRAO 27,3,10,13.72208,100.7187,13.03,1179,990000,A,2011,28,44226,45516,47619,46785,47530,48448,1,1,1170000
3003,11066,1038,ทรีคอนโด สุขุมวิท 52,Tree Condo Sukhumvit 52,3,10,13.80448,100.5906,3,344,825000,U,2011,29,47222,42070,42948,44318,63177,42479,1,1,1170000
4690,6032,1005,เดอะ ริเวอร์,The River,3,10,13.88781,100.6013,3.2625,657,669000,U,2014,43,23447,22054,32598,28608,27760,26331,1,1,1190000
3978,7338,1018,แบงค์คอก ฮอไรซอน รามคำแหง 60,Bangkok Horizon Ramkhamhaeng 60,3,10,13.71053,100.5008,11,486,6400000,A,2013,100,102468,102504,110149,107945,119821,115169,1,2,1199978
2358,11066,1027,Kool Residence สุขุวิท 39-49,Kool Residence สุขุวิท 39-49,3,10,13.82382,100.6586,4.72,711,1190000,A,2011,28,46079,47544,47331,47608,45517,46993,1,1,1200000
3122,11066,1006,วิช แอท สามย่าน,Wish @Samyan,3,10,13.78906,100.6276,8.4275,712,950000,U,2012,22,42518,41400,44378,58624,61596,63362,1,1,1200000
4640,12971,1034,อมันตา ลุมพินี (Amanta Lumpini),Amanta Lumpini,3,10,13.70722,100.6346,13,1450,1239000,A,2014,23,56102,61640,60369,58883,56610,61474,1,1,1230000
2576,974,1030,เอท ทองหล่อ เรสซิเด้นส์,Eight Thonglor Residences,3,10,13.81666,100.5794,0.77,,1850000,U,2011,24,53889,52223,54049,57621,61193,64766,1,1,1249000
2086,4159,1025,ไดมอนด์ สุขุมวิท,Diamond Sukhumvit,3,10,13.80392,100.5119,16.5625,2033,,U,2011,28,52902,50833,48424,51008,48287,48879,1,1,1250000
2298,12971,1047,มาย รีสอร์ท แบงคอก อโศก-เพชรบุรีตัดใหม่,My Resort Bangkok,3,10,13.66118,100.6237,7.25,1028,1230000,U,2011,23,53187,51247,50293,52183,56111,54526,1,1,1250000
3182,16807,1017,ชีวาทัย ราชปรารภ,Chewathai Ratchaprarop,3,10,13.75233,100.5902,12,900,1420000,A,2012,26,50923,53398,51674,57004,52725,50028,1,1,1250000
3874,12971,1005,ศุภาลัย พรีเมียร์ รัชดาฯ-นราธิวาส-สาทร,Supalai Premier Ratchada-Narathivas-Sathron,3,10,13.85898,100.611,0,532,888000,U,2013,26,55765,57511,58865,59045,61371,64670,1,1,1250000
3907,12971,1005,สกายวอล์ค คอนโดมิเนียม,Skywalk Condominium,3,10,13.86255,100.6133,9.75,1039,1270000,U,2013,22,55769,57511,58865,59045,61371,64670,1,1,1280000
404,882,1033,เลอ ฌ็อง พรีเมียม (ลาดพร้าว 112-114),Le Champs Premium (Ladprao 112-114),3,10,13.70325,100.5909,0,77,2500000,A,2007,33,73361,69490,70352,70511,59158,62902,1,1,1290000
2556,6032,1005,เมโทร ลักซ์ รัชดา,Metro Luxe Ratchada,3,10,13.87757,100.5941,7.75,1358,975000,A,2011,30,33611,46627,47437,46344,43763,49264,1,1,1290000
2192,135559,1045,ทรี คอนโด สุขุมวิท 42,Tree Condo Sukhumvit 42,3,10,13.7878,100.6267,17.7875,901,2049000,A,2011,28,51524,52334,53102,60629,62270,59518,1,1,1300000
2612,11066,1006,ลุมพินี เพลส รามอินทรา-หลักสี่,Lumpini Place Ramindra-Laksi,3,10,13.76653,100.6492,4.0475,471,789900,U,2011,29.1,46425,48209,59753,47126,47368,51410,1,1,1300000
2865,16750,1032,ควอด สีลม,Quad Silom,3,10,13.72061,100.6682,1,,800000,U,2011,30,32209,35330,38121,36549,34976,33403,1,1,1300000
2986,9656,1034,ศุภาลัย ปาร์ค รัชโยธิน,Supalai Park,3,10,13.74042,100.6442,3.76,296,1450000,U,2011,28.03,48633,48327,54907,54401,53458,52515,1,1,1300000
3228,2486,1009,ซิตี้โฮม สุขุมวิท,City Home Sukhumvit,3,10,13.67841,100.6239,3.3025,336,1450000,A,2012,24,51950,52750,50703,53974,51264,52752,1,1,1300000
3620,16727,1009,แวนเทจ รัชวิภา,Vantage,3,10,13.68648,100.6353,4.9525,630,1200000,U,2012,28,38345,44137,46020,49810,58016,65640,1,1,1300000
2191,15631,1017,พรีมิโอ บูทิค คอนโด เอกมัย-รามอินทรา,,3,10,13.78374,100.5854,4.3275,500,3000000,A,2010,28,59194,55671,57530,60587,57497,48558,1,1,1320000
3260,818,1022,ชาโตว์ อินทาวน์ พหลโยธิน 11,Chateau in Town PHAHOLYOTHIN 11,3,10,13.70992,100.4292,4.155,404,2290000,U,2012,27,58642,62777,55675,57253,56152,62248,1,1,1320000
3893,6032,1005,แอ็บสแตร็กส์ สุขุมวิท 66/1,Abstracts Sukhumvit 66/1,3,10,13.88755,100.5999,0.5175,79,850000,A,2013,28.56,44785,52175,49583,45833,42685,40739,1,1,1320000
2575,6280,1030,เดอะ บลูม สุขุมวิท 71,The bloom Sukhumvit 71,3,10,13.81679,100.5875,2.185,154,1300000,U,2011,28,43475,46642,47749,47806,50565,59158,1,1,1350000
2605,5564,1009,เดอะ ลิงค์ วาโน 64,The Link Vano 64,3,10,13.68916,100.6023,1.52,210,999000,A,2011,31,47228,47104,50000,51613,46841,42406,1,1,1350000
3120,11913,1034,ซิตี้โฮม ศรีนครินทร์,CityHome Srinakarin,3,10,13.74774,100.6308,3.0775,654,960000,U,2012,29,52857,50994,48407,45815,47221,44908,1,1,1350000
3183,6032,1041,ดี คอนโด อ่อนนุช,DCONDO ONNUCH,3,10,13.877,100.5951,7.75,,975000,U,2012,32,42873,41473,41146,47651,45652,43585,1,1,1350000
4554,8528,1009,ไอดีโอ เวิร์ฟ ราชปรารภ,IDEO VERVE RATCHAPRAROP,3,10,13.68435,100.6148,7.0575,799,1490000,A,2014,30,64567,63511,59778,56695,63614,56388,1,1,1350000
2615,12971,1034,เมโทร สกาย สุขุมวิท,METRO SKY SUKHUMVIT,3,10,13.7365,100.617,16.215,1605,1410000,U,2011,22.5,64198,65221,65095,65820,65162,59876,1,1,1370000
2136,818,1027,ซิตี้โฮม รัชดา-ปิ่นเกล้า,City Home Ratchada-Pinklao,3,10,13.78242,100.6716,10.1,658,1590000,U,2011,30,56723,54625,59859,61139,58468,78144,1,1,1390000
2141,2895,1005,ซิตี้โฮม สี่แยกท่าพระ,City Home Tha-Phra,3,10,13.85313,100.6362,9.3725,,1250000,U,2010,30,54802,52928,51873,50278,50834,57288,1,1,1390000
2231,15733,1006,ไอริส แอเวนิว อ่อนนุช-วงแหวน,IRIS Avenue Onnuch-Wongwaen,3,10,13.75985,100.6508,0.77,91,1290000,U,2010,26.8,,,,,,,1,1,1390000
2621,138654,1036,เดอะ ทรัสต์ เรสซิเด้นซ์ ปิ่นเกล้า,THE TRUST Resident,3,10,13.88949,100.5769,4.35,482,1590000,U,2011,29,57171,59198,61224,63251,65236,65607,1,1,1390000
4213,8861,1021,ทัวร์มาลีน โกลด์ สาทร-ตากสิน,tourmaline gold,3,10,13.66908,100.4362,5.0175,,1490000,U,2013,25,61374,62195,68216,69226,66197,60872,1,1,1390000
2057,2895,1011,เดอะ เมเปิ้ล สาทร-นราธิวาส,The Maple,3,10,13.73036,100.6986,10.235,906,920000,U,2010,29.7,46535,62529,46000,44375,48546,61216,1,1,1400000
2584,6032,1017,ไอ คอนโด สุขาภิบาล 2,ICONDO SUKHAPIBAN 2,3,10,13.80179,100.5855,3.575,,899000,U,2011,31,47133,52059,51074,49532,46841,54134,1,1,1400000
2999,779,1006,ไอ คอนโด สุขุมวิท 105,ICONDO SUKHUMVIT 105,3,10,13.76806,100.6327,4.08,370,1650000,U,2011,30,49317,48066,54059,56408,53456,50519,1,1,1400000
3925,1831,1032,ดี คอนโด รามอินทรา,d condo,3,10,13.68264,100.7058,16,311,1400000,A,2013,23.79,32242,38355,45161,51469,50459,69097,1,1,1400000
2565,9661,1031,นิกซ์ บาย แสนสิริ,Nyx by Sansiri,3,10,13.69762,100.4957,0,400,1400000,A,2011,33.67,47795,48345,48895,49970,49567,41965,1,1,1450000
2899,16784,1011,Rhythm Phahon-Ari,Rhythm Phahon-Ari,3,10,13.73632,100.7464,14,1120,1700000,A,2011,28,60785,59828,51864,48026,50637,56686,1,1,1450000
4642,12971,1032,แอสปาย พระราม 4,aspire,3,10,13.71656,100.6549,15,,2399998,U,2014,23,72627,64364,62958,60773,61983,61770,1,1,1450000
1104,139513,1009,เดอะ เครสท์ พหลโยธิน 11,The Crest Phahonyothin 11,3,10,13.68776,100.6352,10.9875,794,1300000,A,2010,26.52,48430,49289,46920,47603,50849,54743,1,1,1500000
3224,19135,1035,Rhythm Ratchada,Rhythm Ratchada,3,10,13.6742,100.4583,2.9375,367,1690000,A,2012,30,49342,46698,47046,48100,42960,49557,1,1,1500000
3543,779,1038,พาร์ค เอ็กซ์โซ พลัส เกษตร-นวมินทร์,PARC EXO Plus Kaset-Navamintra,3,10,13.80854,100.5907,3.42,301,1500000,U,2012,25.25,55202,56968,52214,56952,50760,56948,1,1,1500000
3894,11410,1030,The Key พหลโยธิน,THE KEY PHAHONYOTHIN,3,10,13.8404,100.5807,7.25,785,2500000,U,2013,34,56640,53871,54671,53907,62676,76165,1,1,1500000
4543,11191,1049,เดอะ คีย์ ประชาชื่น,THE KEY PRACHACHUEN,3,10,13.65451,100.498,1.2275,221,1440000,U,2014,23,49578,30112,65789,69585,74293,75435,1,1,1500000
4558,12971,1006,วิลล่า อโศก,Villa Asoke,3,10,13.75373,100.6311,10.41,998,1297000,U,2014,28,52938,53663,53495,53078,52277,51875,1,1,1500000
3051,818,1009,แฮปปี้ คอนโด รัชดา 18,Happy Condo Ratchada 18,3,10,13.6765,100.6383,9.3575,840,2590000,U,2011,29.7,61141,64775,65556,63865,65342,67299,1,1,1535000
2920,16805,1024,แฮปปี้ คอนโด ลาดพร้าว 101,Happy Condo Ladprao 101,3,10,13.68307,100.4928,3.5,,1400000,U,2011,35,44777,55506,40583,34662,36181,37701,1,1,1550000
3185,6032,1029,อีควิน๊อกซ์ พหลฯ-วิภาฯ,Equinox Phahol-Vibha,3,10,13.81666,100.5347,4.5875,672,850000,A,2012,30,52419,51613,54140,62323,51580,50980,1,1,1550000
4055,2895,1032,ชีวาทัย รามคำแหง,Chewathai Ramkhamhaeng,3,10,13.73015,100.6997,5.6975,498,1390000,U,2013,30,40589,38355,45161,51469,50459,69097,1,1,1550000
4099,12971,1006,เดอะ มาร์ค รัชดา-แอร์พอร์ตลิงค์,The Mark Ratchada-Airport Link,3,10,13.76321,100.6495,8,1212,1490000,U,2013,22.5,65442,78357,82246,84019,72422,70056,1,1,1550000
4548,7959,1038,คาซ่าคอนโด สุขุมวิท 97,Casa Condo Sukhumvit 97,3,10,13.83305,100.6164,2.3675,,1900000,U,2014,35,51937,57913,55041,59026,54644,51590,1,1,1550000
3610,11066,1040,ศุภาลัย พรีเมียร์ ราชเทวี,Supalai Premier @Ratchathewi,3,10,13.71098,100.396,5.9875,811,1290000,A,2012,24.5,75963,75518,75074,77204,76716,64929,1,1,1590000
3878,2923,1006,โซซิโอ เรฟเฟอเรนซ์ 61,Socio Reference 61,3,10,13.76228,100.641,5.12,546,1990000,A,2013,25,,,69697,77069,84440,75588,1,1,1590000
921,4159,1032,มายด์ คอนโด รามคำแหง,Mind Condo Ramkhamhaeng,3,10,13.67302,100.6456,13.5325,1415,3600000,A,2011,35,42280,39322,45192,47353,45934,45172,1,1,1600000
1819,12971,1005,โว้ค เรสซิเด้นท์เชียล คอนโดมิเนียม สุขุมวิท 31,Voque Residential Condominium Sukumvit 31,3,10,13.87145,100.6026,4.49,516,1851000,U,2010,28,67334,69636,68771,69324,69489,72183,1,1,1600000
3811,16773,1005,เอ็ม สีลม,M Silom,3,10,13.84748,100.6405,11.305,1168,1800000,A,2013,25,72166,75856,68874,68729,74472,77476,1,1,1600000
2551,1438,1018,เดอะ เทมโป พหลโยธิน,The Tempo Phaholyothin,3,10,13.72146,100.4982,7,79,2650000,U,2011,25,84768,78541,73290,74599,71068,74976,1,1,1650000
3020,779,1047,วิสซ์ดอม สถานีปุณณวิถี,Whizdom @Punnawithi Station,3,10,13.66488,100.6376,1.855,643,4600000,A,2011,,,,,,,,1,1,1650000
3740,19226,1047,ทรี คอนโด ลักซ์ สุขุมวิท 52,Tree condo LUXE Sukhumvit 52,3,10,13.68502,100.604,7.7225,962,1290000,U,2013,21,68147,71894,74667,76231,81687,83547,1,1,1650000
3098,4159,1017,เดอะ เน็กซ์ การ์เดนท์ มิกซ์ สุขุมวิท 52,The Garden Mix Sukhumvit 52,3,10,13.77115,100.5833,11.3825,875,1550000,U,2012,30,61426,63720,66397,69576,63068,61362,1,1,1690000
4111,226,1047,เออร์บาโน่ แอบโซลูท สาทร-ตากสิน,Urbano Absolute Sathon-Taksin,3,10,13.66432,100.6318,2.1625,238,1990000,A,2013,24,,,71474,69039,66603,64841,1,1,1690000
4175,16813,1040,เซอร์เคิล เพชรบุรี,CIRCLE PETCHABURI,3,10,13.71158,100.4168,1.7275,222,1620000,A,2013,28,,,66218,71071,70124,77859,1,1,1690000
2137,818,1047,ริชพาร์ค @บางซ่อน สเตชั่น,Rich Park @Bangson Station,3,10,13.65926,100.6309,14.9275,1384,1590000,A,2011,29,53348,51629,51276,52033,51156,50490,1,1,1700000
3082,18379,1034,ไฮฟ์ สาทร,Hive Sathorn,3,10,13.7126,100.6421,4.5225,360,2150000,U,2011,33,80274,75359,76442,75284,76529,72397,1,1,1700000
3465,818,1005,โนเบิล รีมิกซ์ 2,noble Remix 2,3,10,13.84085,100.589,2,181,1000000,U,2012,24.43,61828,67473,76882,72558,71491,70693,1,1,1700000
4004,10085,1006,ลุมพินี วิลล์ ลาซาล-แบริ่ง,Lumpini Ville Lasalle-Barring,3,10,13.76455,100.6157,2.0325,229,1600000,A,2013,27,61051,58804,59383,68037,64734,62042,1,1,1700000
4094,12971,1024,สุพรีม การ์เด้น,Supreme Garden,3,10,13.68702,100.4915,5,,1480000,U,2013,22,57910,56905,57747,55494,51796,60510,1,1,1700000
4365,9234,1032,เดอะ ราฟเฟิล คอนโดมิเนียม,The Raffles Condominium,3,10,13.72053,100.6813,0.6175,56,2300000,A,2013,46,35988,38355,45166,51469,50459,69097,1,1,1700000
4735,128,1005,เลอ โคเต้ ทองหล่อ 8 (Le Cote Thonglor 8),Le Cote Thonglor 8,3,10,13.88995,100.6065,1.0125,150,1890000,A,2014,24.15,30145,56333,77602,72525,77503,78005,1,1,1700000
4931,4414,1038,The Sathu Residences,,3,10,13.79925,100.6066,1.56,168,1430000,U,2014,30,,,,,,,1,1,1700000
3702,12971,1035,ไอวี่ ปิ่นเกล้า,Ivy Pinklao,3,10,13.69139,100.4811,4,747,1230000,U,2013,24.26,59953,70720,67294,68400,71042,66598,1,1,1720000
3475,9905,1030,วอเตอร์ฟอร์ด สุขุมวิท 50,WaterFord Sukhumvit 50,3,10,13.82107,100.5882,0.9575,79,1990000,U,2012,47.97,37050,38787,47679,32903,34100,39320,1,1,1750000
4576,12136,1047,ซีณิธ เพลส สุขุมวิท 42,ZENITH PLACE Sukhumvit 42,3,10,13.65302,100.6438,19.01,878,1590000,A,2014,40,44333,44166,46318,48104,46513,55806,1,1,1750000
5707,11066,1038,ซีล บาย แสนสิริ,CEIL by Sansiri,3,10,13.80958,100.5913,3.03,376,1290000,U,2015,23,,,,76410,78222,72889,1,1,1750000
5005,15444,1047,เอเบิลส์ ลาดพร้าว 27,Ables Ladprao 27,3,10,13.66042,100.6113,2.395,353,2050000,A,2014,25,,,76907,79630,78882,85458,1,1,1780000
4783,16792,1030,สุขุมวิท ลิฟวิ่งทาวน์ (Sukhumvit Living Town),Sukhumvit Living Town,3,10,13.80142,100.5724,0.4325,49,1480000,A,2014,29.72,67731,71009,74286,75106,71012,66918,1,1,1790000
836,7959,1034,ทรู ทองหล่อ,Thru Thonglor,3,10,13.71109,100.6354,7.0225,832,1790000,A,2010,27.54,56517,55169,51887,50658,57381,49566,1,1,1800000
1258,9905,1006,ลิฟว์ แอท ไฟว์,LIV@5,3,10,13.76133,100.6487,3.535,592,3700000,A,2010,31,60545,58453,62606,61070,67561,55954,1,1,1800000
1937,4159,1009,เดอะ สุรวงศ์ บาย ชีวาทัย ฮัพ ซูน,THE SURAWONG BY CHEWATHAI HUP SOON,3,10,13.68167,100.6105,7,,960000,U,2011,29,60675,60215,63480,64761,65070,62569,1,1,1800000
2878,16763,1030,พลัมคอนโด นวมินทร์,Plum Condo Nawamin,3,10,13.79601,100.5582,1.625,302,2190000,A,2011,29.3,70368,70959,66962,66395,80380,78014,1,1,1800000
3208,7959,1026,โว้ค เรสซิเด้นท์เชียล คอนโดมิเนียม สุขุมวิท 16,Voque Residential Condominium Sukumvit 16,3,10,13.75677,100.5614,14,,3690000,U,2012,25,68125,70243,68285,65880,68420,72151,1,1,1800000
3239,3588,1030,ดิ แอดเดรส สาทร,The Address,3,10,13.83466,100.5795,1.4675,207,1990000,A,2012,28.82,90555,91944,91124,84010,77268,92759,1,1,1800000
3515,6719,1029,อิลีเม้นท์ ศรีนครินทร์,Elements Srinakarin,3,10,13.81225,100.5252,4.315,1132,1890000,A,2012,28,74257,73584,71153,69672,71536,70340,1,1,1800000
3856,1145,1047,ชาโตว์ อินทาวน์ รัชดา 20,Chateau in Town Ratchada 20,3,10,13.68435,100.6147,6.9425,810,2890000,A,2013,30,62268,65973,66088,67202,67017,67923,1,1,1800000
2546,4236,1018,ยู ดีไลท์ 2 @ บางซื่อ สเตชั่น,U Delight @ Bang Sue Station,3,10,13.7225,100.4988,1.5675,171,1590000,A,2011,26,70866,63003,70461,71166,79086,93058,1,1,1850000
3801,779,1027,โนเบิล โซโล,Noble Solo,3,10,13.83546,100.6571,3.96,406,1300000,U,2013,31,35166,33542.06,45467.62,56005.16,49992.01,58050.3,1,1,1850000
3807,16534,1047,ศุภาลัย พรีมา ริวา (พระราม 3 - นราธิวาส),,3,10,13.67142,100.636,3.9075,566,1890000,A,2013,26,61368,63621,66079,77350,79858,78324,1,1,1850000
5883,137856,1005,สตาร์ วิว พระราม 3,Star View Rama 3,3,10,13.86439,100.6167,0,79,1990000,A,2015,23,,,101271,78155,76426,70660,1,1,1850000
5906,3588,1015,เดอะเพลนเนอรี่ สาทร,The Plenary Sathorn,3,10,13.70812,100.4804,3.6875,710,2290000,A,2015,28,83896,73255,79073,80459,79788,80901,1,1,1850000
3312,14248,1012,ฟิวส์ สาทร-ตากสิน,Fuse Sathorn-Taksin,3,10,13.70643,100.5321,6.9525,1676,1890000,A,2012,26,78468,84312,79582,77854,73562,84027,1,1,1890000
3650,20558,1030,ไอดีโอ สาทร-ตากสิน,Ideo sathorn-Taksin,3,10,13.80156,100.5715,1.01,156,3700000,A,2013,28,,,,135756,72818,81152,1,1,1890000
2165,9720,1043,สาทร เรสซิเด้นซ์ คอนโดมิเนียม,Sathorn Residence Condominium,3,10,13.8115,100.6672,19.285,1232,1680000,A,2011,29.22,60657,58845,59538,61612,56862,52575,1,1,1899300
1970,1288,1038,คอนโดเลต ไลท์ คอนแวนต์,Condolette Light Convent,3,10,13.8517,100.6297,0,,1290000,U,2010,33,,,,,,,1,1,1900000
2282,10579,1029,รีเจ้นท์ โฮม 15 แจ้งวัฒนะ,Regent Home 15 Changwattana,3,10,13.82311,100.5327,3.795,803,2000000,A,2011,28,79799,87920,71580,86713,77121,73533,1,1,1900000
2579,11515,1017,แอชตัน (มอร์ฟ 38),ASHTON MORPH 38,3,10,13.78595,100.5731,1.305,193,3600000,U,2011,23.22,75720,87079,77333,77000,77722,80473,1,1,1900000
3544,20283,1038,รีเจ้นท์ โฮม 6 ประชาชื่น,Regent Home 6 Prachachuen,3,10,13.83197,100.6138,4.7975,392,1490000,A,2012,28,75928,74626,74394,62365,58435,67437,1,1,1900000
4031,3902,1024,สมาร์ท พระราม 2,Smart Rama 2,3,10,13.68142,100.4937,3.8725,896,1590000,A,2013,25,43182,47403,65865,82200,68553,74624,1,1,1900000
4445,10041,1009,เจริญกรุงเพลส,Charoenkrung Place,3,10,13.66282,100.609,0.5,,1590000,U,2013,27,74587,75186,76815,73231,74152,68565,1,1,1900000
4776,8916,1030,เอส ซี เรสซิเด็นซ์,S.C. Residence,3,10,13.84955,100.5592,0,70,1350000,U,2014,32.25,60122,67540,67437,67206,72219,64861,1,1,1900000
4994,12971,1019,ยู ดีไลท์ @ จตุจักร สเตชั่น,U Delight at Jatujuck Station,3,10,13.78517,100.4608,6,992,2150000,U,2014,28,42259,64140,72597,73048,64475,69484,1,1,1900000
2088,4159,1016,ศุภาลัย ปาร์ค ราชพฤกษ์-เพชรเกษม,Supalai Park @ Ratchaphruek-Phetkasem,3,10,13.72867,100.4741,3.2,610,1000000,U,2011,32.79,57337,56010,58781,57272,62035,57903,1,1,1950000
2194,139514,1006,เจ ดับบลิว ซิตี้ รัชดา 32,J.W. City Ratchada 32,3,10,13.76135,100.6329,3.83,535,1990000,U,2011,30,65971,87815,78750,79583,80275,68328,1,1,1950000
2583,140598,1045,เอเซ่ รัชดา คอนโดมิเนียม,Ease Ratchada Condominium,3,10,13.78369,100.6138,1.125,,3100000,U,2011,39.23,59536,53701,59411,60268,54894,55926,2,1,1950000
3240,11515,1017,เดอะ คริส รัชดา 17,The Kris Ratchada 17,3,10,13.7858,100.5731,7,,1900000,U,2012,26.69,82741,85149,85585,88061,85357,83082,1,1,1950000
3880,7959,1017,อัสสกาญจน์เพลส ลาดพร้าว,Assakarn Place Ladphrao,3,10,13.78953,100.5888,4.835,499,4110000,U,2013,32,60983,59132,58948,59234,58388,59716,1,1,1950000
3939,10724,1034,รีเจนท์ โฮม 12 ลาดพร้าว 41,Regent Home 12 Ladprao 41,3,10,13.74372,100.6434,12.6925,1152,1377628,U,2013,32,54992,54058,51181,49554,48812,49412,1,1,1950000
4779,140678,1038,เจ ดับบลิว บูเลอวาร์ด,J.W. Boulevard,3,10,13.82799,100.6212,0.9975,69,1790000,A,2014,40,,,660531,62665,61460,66061,1,1,1950000
4224,19226,1035,เอลิส คอนโดมิเนียม วงเวียนใหญ่,Aliss Condominium Wongwainyai,3,10,13.71409,100.4676,4.065,979,1990000,U,2013,22,101928,99783,99846,101587,103036,101853,1,1,1976000
3499,20189,1027,รีเจ้นท์ โฮม 7 สุขุมวิท,Regent Home 7 Sukhumvit,3,10,13.77686,100.6621,6.1275,508,799000,A,2012,37,40056,50830,54841,50779,56321,54644,1,1,1980000
2105,14248,1020,โคเรสซิโอ สาทร-พิพัฒน์,Collezio Sathorn-Pipat,3,10,13.78613,100.4696,6.595,1408,1790000,U,2011,27,73215,68357,68711,72806,75723,66456,1,1,1990000
2205,1887,1009,เดอะ พาโน,The Pano,3,10,13.69802,100.6069,1.8275,218,2390000,U,2011,26,79762,79608,79054,78389,73132,74957,1,1,1990000
3107,10085,1030,วายน์ สุขุมวิท,Wyne Sukhumvit,3,10,13.8055,100.5699,0.865,129,2490000,A,2012,25.63,77320,90613,91571,93015,96065,90866,1,1,1990000
3648,20551,1009,อกัสตัน สุขุมวิท 22,Aguston Sukhumvit 22,3,10,13.67692,100.6034,1.5825,180,1400000,A,2013,23.51,103257,98821,46162,74088,78815,78257,1,1,1990000
5462,10041,1047,คีนน์ บาย แสนสิริ,Keyne By Sansiri,3,10,13.66068,100.6061,0.7875,74,1689999,U,2015,27,,,87333,81541,80942,80822,1,1,1990000
3762,8870,1045,เวีย 49,Via 49,3,10,13.78764,100.6139,2.1825,51,1800000,A,2013,29,61564,62398,64395,67586,75862,84204,1,1,2000000
4538,12971,1038,ไอวี่ ทองหล่อ,IVY Thonglor,3,10,13.79581,100.5924,7,,1700000,U,2014,28,61780,62412,64479,65568,67681,66515,1,1,2000000
4557,2486,1009,รีเจ้นท์ โฮม 9 สุขุมวิท 64,Regent Home 9 Sukhumvit 64,3,10,13.70563,100.6038,1.5725,146,1300000,U,2014,26,70589,72095,76457,75514,72959,81130,1,1,2000000
4741,17460,1021,เซนส์ สุขุมวิท,Sense Sukhumvit,3,10,13.66559,100.4332,4.2475,458,1690000,A,2014,32,74303,65572,56840,61298,68394,71314,1,1,2000000
4828,4861,1035,ซีณิธ เพลส สุขุมวิท 71/1,Zenith Place @ Sukhumvit 71/1,3,10,13.71201,100.4634,4.235,364,1690000,U,2014,26,66333,701783,77548,84947,82205,85866,1,1,2000000
4998,4861,1029,รีเจ้นท์ โฮม 13 สุขุมวิท 93,Regent Home 13 Sukhumvit 93,3,10,13.83092,100.5252,5.74,1232,2100000,A,2014,22.5,84780,86902,85898,89111,94058,93393,1,1,2000000
5417,138658,1022,เลอริช @ รัชดา,Le Rich @ Ratchada,3,10,13.71235,100.4266,6.54,1273,2300000,A,2015,24,,,82759,54470,84230,57350,1,1,2000000
3815,11066,1029,คอนโดเลต ลาดพร้าว,Condolette Ladprao,3,10,13.80087,100.5213,6.3975,392,1690000,U,2013,27,85829,85126,87283,94508,96914,97223,1,1,2050000
2874,16759,1017,ลุมพินี วิลล์ พัฒนาการ-เพชรบุรีตัดใหม่,LUMPINI VILLE PATTANAKARN – NEW PHETCHABURI,3,10,13.78941,100.5853,1.02,128,2300000,A,2011,32,81585,76022,70459,67468,65546,63624,1,1,2090000
2175,8861,1030,เดอะ ไรซ์ สุขุมวิท 39,The Rise Sukhumvit 39,3,10,13.83664,100.5807,6.4675,505,1750000,U,2011,33,74079,75556,75939,76061,78758,80418,1,1,2100000
2606,9521,1047,เดอะ คิวบ์ พลัส แจ้งวัฒนะ,The Cube Plus Chaengwattana,3,10,13.67775,100.6068,1.79,,3000000,U,2011,32,71541,73611,71354,69497,81428,79934,1,1,2100000
3849,14109,1009,บ้านพระปิ่น 5 (แปลงลุงเริ่ม) เอกชัย 109,Ban Prapin 5,3,10,13.67977,100.6241,1.535,167,1990000,A,2013,35,8182,47257,73191,74225,67038,59937,1,1,2100000
3875,12971,1017,ลุมพินี คอนโดทาวน์ บางแค,Lumpini Condo Town Bangkae,3,10,13.75345,100.5762,9,1540,2163000,U,2013,23,80530,84662,89327,89881,91608,90523,1,1,2100000
4032,6032,1009,ไมล์ สโตน คอนโดมิเนียม,Mile Stone Condominium,3,10,13.69078,100.611,3.195,580,1449000,A,2013,28,63146,71825,76786,79092,83896,87393,1,1,2100000
4366,779,1030,พรีเว่ บาย แสนสิริ,Prive by Sansiri,3,10,13.8304,100.5405,6,840,2800000,A,2013,31,96788,98575,95770,91940,91907,95989,1,1,2100000
4884,11644,1012,พฤกษาธานี คอนโดเทล 3,Pluksathanee Condotel 3,3,10,13.71082,100.5487,3.555,308,2390000,A,2014,40,63650,57395,66620,69648,71302,74019,1,1,2100000
3817,21071,1009,เลอรัฟฟิเน่ สุขุมวิท 39,Le Raffine Sukhumvit 39,3,10,13.69065,100.6142,1.2675,157,1500000,A,2013,29,37043,51557,69108,77469,67940,60488,1,1,2150000
5493,4861,1006,ไอเดียล 24,Ideal 24,3,10,13.76553,100.6409,2.385,270,1850000,U,2015,29,,,,79976,77977,77485,1,1,2150000
4662,818,1029,เรโนวา เรสซิเด้นซ์ ชิดลม,Renova Residence Chidlom,3,10,13.82235,100.5371,7.5825,1356,2600000,A,2014,25,,,75191,79642,57261,110244,1,1,2185212
3053,11066,1029,โอเรียลทัล เรสซิเด้นท์,Oriental Residence,3,10,13.8058,100.5255,11.965,1724,1790000,A,2011,21.77,82670,76940,84584,86061,85341,89143,1,1,2189000
2204,15650,1037,บลอคส์ 77,Blocs 77,3,10,13.75471,100.561,2.5475,,2900000,A,2011,31,87306,82631,79924,87018,90556,86320,1,1,2200000
2366,9905,1030,กรีเน่ คอนโด สุทธิสาร,Grene Condo Suthisarn,3,10,13.79105,100.5752,0.7175,79,4600000,U,2011,25.27,80426,84475,84090,92188,86601,104098,1,1,2200000
2389,12031,1029,พาโน วิลล์ คอนโดมิเนียม,Pano Ville Condominium,3,10,13.81911,100.5363,3.6525,645,1290000,U,2011,35,67441,74859,72667,70490,63837,68202,1,1,2200000
3311,16769,1017,เบลเกรเวีย เรสซิเดนท์ส,Belgravia Residences,3,10,13.79038,100.5792,0,81,1400000,A,2012,48.25,51160,46172,46770,60651,56971,56366,1,1,2200000
3434,818,1014,บีทีเอส เรสซิเด้นซ์,BTS Residence,3,10,13.7891,100.5578,3.1325,300,2790000,A,2012,24,82935,85324,89938,85714,105043,103509,1,1,2200000
3472,9905,1022,รอยซ์ ไพรเวท เรสซิเดนซ์,Royce Private Residence,3,10,13.71384,100.441,2.8475,418,2390000,A,2012,21,74688,75478,63759,57066,73064,79276,1,1,2200000
3497,9905,1030,โอทู ฮิป คอนโด,O2 HIP CONDOMINIUM,3,10,13.79236,100.5759,0.555,73,4290000,U,2012,25.27,80406,84475,84090,92188,86601,104098,1,1,2200000
3545,20284,1017,มิลเลนเนียม เรสซิเดนซ์ แอท สุขุมวิท,Millennium Residence @ Sukhumvit,3,10,13.78419,100.5829,1.5475,188,1750000,A,2012,28,73830,77857,72347,77527,79316,66286,1,1,2200000
3569,20367,1026,จามจุรี สแควร์ เรสซิเดนซ์,Chamchuri Square Residence,3,10,13.77525,100.5701,4.725,635,2600000,A,2012,28,83852,85022,96921,102046,81342,96111,1,1,2200000
3789,138654,1006,บันยัน ทรี เรสซิเดนซ์ กรุงเทพ,Banyan Tree Residences Bangkok,3,10,13.76325,100.6441,2.245,252,1490000,U,2013,26,,,,57931.03,57357.14,62595.24,1,1,2200000
3828,572,1034,หรรษา ราชดำริ,Hansar Rajdamri,3,10,13.73213,100.6417,7,1613,1490000,A,2013,23.28,93583,92557,92767,90349,89068,79460,1,1,2200000
3913,16767,1017,แอร์ลิงค์ เรสซิเดนซ์,Air link Residence,3,10,13.77652,100.5828,0.56,75,1190000,A,2013,34,53455,53242,55860,56156,56416,60160,1,1,2200000
3941,572,1025,วินน์ สุขุมวิท 46,Vinn Sukhumvit 46,3,10,13.78079,100.4754,12,2700,1474000,U,2013,28,78771,78480,80034,79387,83256,74346,1,1,2200000
4088,12222,1015,เซนส์ พหลโยธิน,Sense Phaholyothin,3,10,13.72715,100.4876,3.08,386,3990000,A,2013,28,68868,73055,72629,72272,84651,89706,1,1,2200000
4748,9905,1026,ยูทรี คอนโด แอท แยกเกษตร,You 3 Condo @ Yak Kaset,3,10,13.79099,100.5632,0.5875,79,2700000,A,2014,28,,,,,,,1,1,2200000
5655,137856,1005,สราญวิลล์ @ แฮปปี้แลนด์,Saranville @ Happy Land,3,10,13.88986,100.6068,2.68,465,2500000,A,2015,26,,,,42032,77396,80725,1,1,2200000
5656,15816,1042,ไอ-เซน เอกมัย-รามอินทรา,I-Zen ekamai-Ramindra,3,10,13.89012,100.606,1.0325,153,2300000,A,2015,25,,,,,,,,,2200000
5669,16801,1005,สราญสุข สุพรีม,Saransook Supreme,3,10,13.79831,100.5556,1.6,222,2890000,A,2015,25,,,,,,,,,2200000
2571,4830,1030,ชาเทรียม คอนโดมิเนียม,Chatrium Condominium,3,10,13.79758,100.5559,11.1,,1490000,U,2011,32,82549,81717,86899,86024,84791,84923,1,1,2250000
3478,9905,1030,บางกอก คานส์ คอนโดมิเนียม โครงการ 3,Bangkok Cannes Condominium 3,3,10,13.8317,100.5755,1.425,192,1850000,U,2012,27,63667,82967,85777,96888,83312,86148,1,1,2250000
4045,12971,1033,ศาลาแดง เรสซิเด้นซ์,Saladaeng Residences,3,10,13.71232,100.5825,4.26,887,1796000,U,2013,28,88823,87881,89785,89885,91891,86259,1,1,2250000
5500,4861,1015,ทิว ริเวอร์ เพลส,Thew River Place,3,10,13.71397,100.4717,1.2675,166,1960000,U,2015,28,,,,79976,77977,77485,1,1,2250000
5657,139514,1029,เอ็มบี แกรนด์ พหลโยธิน,MB GRAND Phaholyothin,3,10,13.8063,100.5225,1.485,172,4190000,A,2015,,,,,,,,1,1,2250000
2176,8861,1041,ชาโตว์ อินทาวน์ พหลโยธิน 14,Chateau in Town PHAHOLYOTHIN 14,3,10,13.86574,100.5471,4.3875,306,1750000,U,2010,30,72520,69168,72832,69445,64297,62886,1,1,2280000
5160,9905,1009,15 สุขุมวิท เรสซิเดนซ์,15 Sukhumvit Residences,3,10,13.68631,100.6088,0.5875,79,3200000,A,2014,28,,,,,,98494,1,1,2290000
5281,818,1030,โนเบิล เพลินจิต,Noble Ploenchit,3,10,13.84108,100.5873,6.6325,563,2290000,A,2015,28,,,,97401,96379,90928,1,1,2290000
3942,12031,1006,แบงค์คอก ฮอไรซอน พี48,Bangkok Horizon P48,3,10,13.75184,100.6377,6.0125,867,2200000,A,2013,30,59849,58771,78498,93464,62865,68041,1,1,2300000
4006,10085,1030,Chamchuri Square Residence,,3,10,13.80542,100.57,0.48,62,2490000,A,2013,25,96489,98575,95770,91940,91907,95989,1,1,2300000
4096,11515,1017,Rhythm Sukhumvit 44/1,Rhythm Sukhumvit 44/1,3,10,13.79903,100.5741,2.1475,98,1770000,U,2013,29.5,,,,76667,86837,89032,1,1,2300000
4370,4159,1029,เดอะ ปาร์ค ชิดลม,The Park Chidlom,3,10,13.81824,100.5361,11.8875,1705,1890000,A,2013,30,60818,64008,40863,52147,31615,69920,1,1,2300000
4639,11066,1017,บลิซ คอนโดมิเนียม พระราม 9-หัวหมาก,Bliz Condominium,3,10,13.78902,100.589,1,199,2190000,A,2014,28,73478,75000,87848,88135,88120,89979,1,1,2300000
4845,12928,1034,วอร่า สุขุมวิท 49,Wora Sukhumvit 49,3,10,13.73728,100.626,0.8625,,,U,2014,29.22,41016,36297,47263,79854,80729,77332,1,1,2300000
2875,16760,1026,ไอวี่ แอมพิโอ,Ivy Ampio,3,10,13.80015,100.5737,1.1325,124,1600000,U,2011,28.5,89724,90778,84992,84390,83981,83357,1,1,2350000
3378,19766,1030,เดอะ นิช ไอดี ลาดพร้าว 130,The Niche id Ladprao 130,3,10,13.80554,100.5732,0.435,62,1790000,A,2012,24,91493,88534,106897,99696,104140,104989,1,1,2350000
3838,19226,1015,เรนด์ สุขุมวิท 23,RENDE SUKHUMVIT 23,3,10,13.71738,100.4823,5.7975,1344,2690000,U,2013,30,115640,115700,108893,111444,113954,126371,1,1,2369000
3900,7043,1041,เอ็ม ลาดพร้าว,M Ladprao,3,10,13.88928,100.5753,1.0675,130,1570000,A,2013,27,61501,63256,65012,66767,68303,69731,1,1,2369000
4034,1887,1015,เดอะ ทรี ลาดพร้าว,The Tree Ladprao,3,10,13.71371,100.4768,2.25,274,1800000,U,2013,25,97556,85649,75182,76866,80589,87245,1,1,2370000
4150,1392,1009,บ้านสาทรเจ้าพระยา,Bann Sathorn-Chaophraya,3,10,13.68994,100.6043,1.1325,168,1890000,A,2013,29,,,63810,65405,74226,85389,1,1,2380000
4025,322,1029,นิช โมโน พีค บางนา,Niche Mono Peak Bangna,3,10,13.82862,100.5275,4.5075,743,1950000,A,2013,30,69939,64980,89444,87557,88068,93695,1,1,2390000
5487,136773,1025,โนเบิล ยูไนท์ สุรศักดิ์,(Noble Unite),3,10,13.78261,100.4917,3.17,560,1550000,U,2015,28,,,,8723,63466,80909,1,1,2390000
2327,2225,1030,วินด์ รัชโยธิน,Wind Ratchayothin,3,10,13.80424,100.5762,1.21,154,2200000,A,2011,37,69584,70683,67613,71638,69484,74742,1,1,2400000
2573,4159,1022,มายรีสอร์ท แอท ริเวอร์,My Resort @ River,3,10,13.71926,100.4559,6.58,,1000000,U,2011,33,69044,72225,72653,73379,81917,73503,1,1,2400000
3455,19954,1043,ไอ คอนโด สุขุมวิท 103,i Condo Sukhumvit 103,3,10,13.82766,100.6751,3.19,215,1600000,A,2012,32,74509,72032,69556,67080,88414,71244,1,1,2400000
3666,20605,1047,เดอะ ทรี อินเตอร์เชนจ์,The Tree Interchange,3,10,13.67472,100.5988,4.215,373,2500000,A,2013,60,46611,38339,43197,42937,47917,41815,1,1,2400000
3707,15444,1009,ไลฟ์ รัชดาภิเษก,Life Ratchadapisek,3,10,13.68452,100.6247,2.1725,318,2490000,A,2013,25,72214,78240,88467,73934,81857,75011,1,1,2400000
4204,11066,1028,ไซมิส เธอร์ตี้ไนน์,Siamese Thirty Nine,3,10,13.71885,100.5495,3.185,345,2160000,U,2013,22.25,107858,107714,113993,116724,117232,127899,1,1,2400000
4207,16554,1047,เดอะ เครสท์ สุขุมวิท 24,The Crest Sukhumvit 24,3,10,13.6589,100.6097,0.7725,79,1290000,A,2013,32.5,,,84435,83677,83468,59128,1,1,2400000
4835,8466,1017,เดอะ เครสท์ สุขุมวิท 49,The Crest Sukhumvit 49,3,10,13.75568,100.5688,2.65,400,3050000,A,2014,30,70504,74200,80663,80648,81842,80877,1,1,2400000
4879,4159,1030,ควอทโทร บายแสนสิริ,Quattro by Sansiri,3,10,13.83719,100.5815,10.285,882,1890000,A,2014,33.5,,,65723,71010,80116,76996,1,1,2400000
5020,6332,1029,เอสวัน พระราม 9,S1 Pama 9,3,10,13.80681,100.5265,3.96,773,2700000,A,2014,27,,,,96396,95248,89951,1,1,2400000
5153,5618,1029,The Address สุขุมวิท 28,,3,10,13.82948,100.5336,6,669,2800000,U,2014,41,83151,85635,79405,72198,75893,83161,1,1,2400000
2610,6032,1009,ศุภาลัย ซิตี้ รีสอร์ท รัชดาฯ-ห้วยขวาง,City Resort Ratchada-Huay Khwang,3,10,13.7018,100.6119,1.125,172,975000,A,2011,28.5,42091,44045,44626,47337,45928,47039,1,1,2420000
4027,12136,1016,ดิ อิสสระ ลาดพร้าว,The Issara Ladprao,3,10,13.7285,100.4779,4.7625,814,2290000,A,2013,26,,,81174,88238,89297,100391,1,1,2420000
3327,19507,1017,ไอดีโอ โมบิ สาทร,IDEO MOBI SATHORN,3,10,13.75519,100.5752,8.995,984,3400000,A,2012,30,80022,74194,88173,85319,90174,90709,1,1,2450000
4035,1887,1026,ไอดีโอ โมบิ พญาไท,DEO MOBI PHAYATHAI,3,10,13.76081,100.5559,114.71,920,2000000,U,2013,30,88056,89244,90754,93434,91481,91108,1,1,2450000
1675,4159,1012,ไอดีโอ โมบิ สุขุมวิท,Ideo Mobi Sukhumvit,3,10,13.69876,100.5414,4.5,,5800000,U,2011,29.6,70086,83191,72977,73085,76316,80137,1,1,2490000
2148,16133,1033,ลีโว ลาดพร้าว 18 (1),Levo Lat Phrao 18 (1),3,10,13.71194,100.5839,6.545,1432,1800000,U,2011,20,88874,93274,95476,96491,95166,98454,1,1,2490000
1074,10579,1012,โนเบิล รีวีล เอกมัย,NOBLE REVEAL,3,10,13.69125,100.5343,2.26,422,3690000,A,2011,32.2,77344,77083,59167,59578,61977,62341,1,1,2500000
2021,11935,1009,คอนโดเลต ดเวล สุขุมวิท 26,Condolette Dwell Sukhumvit 26,3,10,13.68693,100.6063,1.505,166,2890000,A,2010,30,,,,,,,1,1,2500000
2607,2343,1039,ดาวน์ทาวน์ 49,Downtown Forty Nine,3,10,13.71246,100.5955,1.0225,,3300000,U,2011,33.2,75285,80448,77303,77559,79548,82020,1,1,2500000
3354,10461,1015,ซาริ บาย แสนสิริ,SARI SUKHUMVIT 64,3,10,13.71356,100.4762,3.2325,627,2500000,U,2012,26,91615,99404,99114,106867,103441,99855,1,1,2500000
3512,14366,1018,Inspaire ABAC Rama 9,Inspaire ABAC Rama 9,3,10,13.72279,100.5024,0.9125,126,1900000,A,2012,31.5,73753,72277,73082,73888,74692,75493,1,1,2500000
3764,20864,1009,พลัมคอนโด ลาดพร้าว 101,Plum Condo Ladprao 101,3,10,13.68683,100.6062,3.1275,365,1780000,A,2013,22.85,89568,90256,92797,94153,95471,95579,1,1,2500000
3835,140565,1045,เดอะ แคปปิตอล เอกมัย-ทองหล่อ,The Capital Ekamai-Thonglor,3,10,13.76776,100.5988,8.455,823,2500000,W,2013,32,,,,,,,1,1,2500000
4792,7959,1026,ดี 25 ทองหล่อ,D 25 thonglor,3,10,13.75656,100.5597,2.4575,543,4590000,A,2014,32,73344,90553,121488,128571,136160,126864,1,1,2500000
4832,11450,1039,เดอะ คอมพลีท ราชปรารภ,The Complete Rajprarop,3,10,13.73484,100.5994,1.075,137,2450000,A,2014,28.85,,,46866,97337,93446,77949,1,1,2500000
5483,134932,1030,เมโทร อเวนิว สุขุมวิท 66,Metro Avenue Sukhumvit 66,3,10,13.83734,100.581,2.1025,216,2290000,A,2015,31,,,,,,85068,1,1,2500000
5964,4159,1012,ไอ เฮ้าส์ คอนโดมิเนียม อาร์ซีเอ,i-HOUSE Condominium RCA,3,10,13.67823,100.5469,11.285,706,4500000,A,2015,53.5,,,89956,96854,101187,78939,1,1,2500000
2961,9905,1022,รีเจ้นท์ โฮม 10 แจ้งวัฒนะ,Regent Home 10 Changwattana,3,10,13.71606,100.4456,1.9775,275,1690000,A,2011,31,90813,90755,77332,84043,83958,81462,1,1,2550000
5877,9905,1040,รีเจ้นท์โฮม 20 ประชาชื่น 16,Regent Home 20 Prachachuen16,3,10,13.71101,100.4198,0.5625,79,1790000,A,2015,40,,,,2591.97,45000,65000,1,1,2563600
3736,11066,1028,เดอะ นารา ลาซาล 20,NARA BOTANIC Srinakharin,3,10,13.70561,100.5304,7.4175,1225,2200000,A,2013,26,79754,96253,96586,97330,95444,102252,1,1,2570000
2312,16028,1017,เอควา สุขุมวิท 49,AEQUA Sukhumvit 49,3,10,13.80154,100.5814,1.065,101,2145000,U,2011,31,88944,89604,88542,84535,74571,78000,1,1,2590000
5030,4159,1047,เอ สเปซ อโศก-รัชดา,A SPACE ASOKE-RATCHADA,3,10,13.66171,100.6058,3.0625,334,1900000,U,2014,34,,,,58651,71948,76955,1,1,2590000
5054,15816,1006,แอสปาย สุขุมวิท 48,Aspire Sukhumvit 48,3,10,13.74986,100.6123,1.2025,139,1700000,U,2014,32,,,84274,86656,93721,89592,1,1,2590000
1060,4159,1031,เซ็นทริค ซีน สุขุมวิท 64,Centric Scene Sukhumvit 64,3,10,13.695,100.4943,14.11,593,4200000,U,2011,40,65407,69578,62472,62374,76254,74343,1,1,2600000
1082,4159,1018,ลุมพินี เพลส รัชโยธิน,LUMPINI PLACE RATCHAYOTHIN,3,10,13.71184,100.5017,7,,,U,2011,34,82293,80882,78668,81289,86499,92706,1,1,2600000
2611,10579,1017,ออริจินส์ บางมด-พระราม2,Origins Bangmod-Rama II,3,10,13.78978,100.5719,0.535,77,1490000,A,2011,31.16,90341,79068,80195,75116,78943,82108,1,1,2600000
2909,16794,1038,มายคอนโด สุขุมวิท 103,My Condo Sukhumvit 103,3,10,13.81383,100.6105,1.985,178,4990000,U,2011,49.81,52903,61352,56884,60120,59671,51382,1,1,2600000
3679,19766,1030,ชาโตว์ อินทาวน์ พหลโยธิน 32,Chateau In Town Phaholyothin 32,3,10,13.80911,100.5654,0.91,127,2200000,U,2013,27,86283,93253,89874,95145,100675,102197,1,1,2600000
4067,11066,1030,เดอะ คริส เอ็กซ์ตร้า 5,The Kris Extra 5 Ratchada 17,3,10,13.83845,100.5747,7.9,856,2690000,U,2013,23,,,110344,109360,116382,120438,,,2600000
4416,7307,1009,วิสซ์ดอม ดิ เอ็กซ์คลูซีฟ,Whizdom The Exclusive,3,10,13.69179,100.6084,0.9375,141,2360000,A,2013,26,,,112693,106630,82441,112890,1,1,2600000
4700,11515,1017,ไอดิโอ โมบิ พระราม 9,Ideo MoBi Rama 9,3,10,13.75495,100.5686,18.03,630,1690000,A,2014,33,66695,62675,72783,72794,72893,74516,1,1,2600000
2588,4926,1045,เดอะ เทมโป้ รัชดา,The Tempo Ratchada,3,10,13.77112,100.608,3.4325,,1299000,A,2011,44,64708,64620,66806,63773,61233,60486,1,1,2650000
3219,12971,1030,ศุภาลัย เวลลิงตัน,Supalai Wellington,3,10,13.83035,100.5704,13,1827,1752000,U,2012,28,96300,96147,92893,93068,96022,96826,1,1,2650000
5987,15444,1030,Saladaeng Residences,Saladaeng Residences,3,10,13.84447,100.5815,1.905,229,2890000,A,2015,25,,,,8996,58248,26333,1,1,2650000
2323,6731,1033,ไอ คอนโด เพชรเกษม 39,iCondo,3,10,13.70696,100.593,11.5875,738,3100000,A,2011,42,70226,66760,64777,65275,69297,73320,1,1,2670000
5282,818,1009,แอสปาย พระราม 9,Aspire Rama 9,3,10,13.7118,100.5805,4.1925,478,2820000,A,2015,25,,,120578,118401,122703,222988,1,1,2680000
4070,137856,1030,ธนา อาร์เคเดีย,Thana Arcadia,3,10,13.8061,100.57,1.0825,166,9900000,A,2013,30,,57051,,116666,101206,109973,1,1,2690000
4659,3588,1017,เดอะ ไพรเวท แอท สุทธิสาร,The private @ Suthisan,3,10,13.79943,100.5737,0.555,74,3290000,A,2014,31,86573,87378,107819,106113,104734,117974,1,1,2690000
5641,137812,1025,เดอะ ทรัสต์ เรสซิเด้นซ์ รัชดา-พระราม 3,The Trust Residence Ratchada-Rana 3,3,10,13.78755,100.4881,1.0475,85,2500000,A,2015,44,,,,,,,,,2690000
1732,8561,1045,ไซมิส ราชครู,Siamese Ratcha Kru,3,10,13.78029,100.6196,16.095,252,2700000,A,2010,49,,,,72490,57421,58326,1,1,2700000
2262,2761,1001,ทีซี กรีน,TC Green,3,10,13.70308,100.5999,1.1775,138,1980000,A,2011,36,88000,85831,83384,87249,78987,89960,1,1,2700000
2589,3626,1018,เพิร์ล เรสซิเดนซ์ สุขุมวิท 24,Pearl Residences Sukhumvit 24,3,10,13.7235,100.4924,1.1325,79,2700000,U,2011,32,78652,76421,74191,71961,69730,67691,1,1,2700000
4399,13841,1015,ไฮด์ สุขุมวิท 13,Hyde Sukhumvit 13,3,10,13.71325,100.4714,1.3775,190,2490000,A,2013,33,83580,82259,81719,70058,90197,86219,1,1,2700000
4889,14597,1004,คาซ่าคอนโด รัชดา-ราชพฤกษ์,CASA CONDO RATCHADA-RATCHAPRUEK,3,10,13.7303,100.5234,0.895,116,2260000,U,2014,27,107822,124610,74287,97689,114232,109977,1,1,2700000
4890,19766,1030,Rhythm Sathorn-Narathiwas,Rhythm Sathorn-Narathiwas,3,10,13.80183,100.5723,0,76,3200000,A,2014,36.39,86991,90501,92665,92500,94231,95000,1,1,2700000
2941,9905,1014,เดอะ เครสท์ สุขุมวิท 34,The Crest,3,10,13.78612,100.5489,0.5,79,2670000,U,2011,29.23,94982,96859,95341,95595,92396,39792,1,1,2750000
3214,4861,1033,ดิ ยูนีค ลาดพร้าว 26,The Unique Ladprao 26,3,10,13.71152,100.5945,5.245,277,2500000,U,2012,25,88009,90587,99932,104314,102796,108333,1,1,2750000
4927,11066,1026,พาร์โก้ คอนโดมิเนียม,Parco Condiminium,3,10,13.78938,100.5638,1.6025,281,2690000,U,2014,29,,,101117,105813,98343,106704,1,1,2750000
3255,15816,1017,เมโทร ลักซ์ พหลโยธิน-สุทธิสาร,Metro Luxe Phahol-Sutthisan,3,10,13.77911,100.5758,0.9925,109,1870000,A,2012,25,104059,108419,106035,93422,97451,93503,1,1,2760000
4881,15816,1035,ซิม วิภา-ลาดพร้าว,SYM Vibha-Ladprao,3,10,13.71357,100.4679,5.8825,1004,3000000,A,2014,28.4,,,90625,90033,96555,107814,1,1,2790000
5648,6924,1017,คริสมา คอนโด รามอินทรา,Chrisma condo ramintra,3,10,13.78811,100.5833,0.9875,79,3890000,U,2015,40,81174,76970,71291,70515,71257,72599,1,1,2790000
395,11935,1033,ไอ คอนโด เกษตร,iCondo,3,10,13.7061,100.5987,1.25,119,3890000,U,2011,30,92420,92442,84914,86245,82716,93290,1,1,2800000
3448,3012,1030,แบงค์คอก ฮอไรซอน สาทร นราธิวาสฯ 14,Bangkok Horizon Sathorn Narathiwas 14,3,10,13.80651,100.558,4.53,728,1900000,A,2012,28,91125,99997,95163,99771,100135,107211,1,1,2800000
3479,9905,1030,แบงค์คอก ฮอไรซอน เพชรเกษม,Bangkok Horizon Phetkasem,3,10,13.82327,100.563,0.9975,154,4300000,A,2012,26,70225,98215,95973,96983,84375,93750,1,1,2800000
6063,19226,1029,ชาโตว์ อินทาวน์ รัชดา 36,Chateau in Town Ratchada36,3,10,13.80581,100.5328,2.865,666,2690000,A,2015,25,,,,97282,136087,87307,1,1,2840000
2901,16786,1014,ชาโตว์ อินทาวน์ สุขุมวิท 62/1,Chateau in Town Sukhumvit 62/1,3,10,13.78889,100.5523,1,154,2400000,U,2011,28,93741,96819,94914,95330,102736,102386,1,1,2850000
3471,9905,1028,ชาโตว์ อินทาวน์ เมเจอร์ รัชโยธิน 2,Chateau in Town Major Ratchayothin 2,3,10,13.71268,100.5333,1.655,268,3500000,A,2012,27,121789,120368,118639,103362,108109,123018,1,1,2850000
5866,138188,1017,แบงค์คอก เฟ’ลิซ วิภาวดี 30,Bangkok Fe’liz Vibhavadi30,3,10,13.78896,100.5784,0.48,72,1425000,U,2015,30,,,,,,,1,1,2850000
5542,779,1017,โนเบิล รีวอลฟ์ อารีย์,Noble Revolve,3,10,13.74497,100.5834,3.6775,667,3990000,A,2015,31,,,,108900,114823,100441,1,1,2858000
5170,4861,1015,เซอร์เคิล เอส สุขุมวิท 12,Circle S Sukhumvit 12,3,10,13.71597,100.4797,5.3,1219,2000000,U,2014,26,,,97768,97432,100047,99541,1,1,2890000
5456,12031,1030,ชาโตว์ อินทาวน์ รัชดา 20-2,Chateau intown Ratchada 20-2,3,10,13.83844,100.5581,6.1725,875,2990000,A,2015,30,,,,,93569,82083,1,1,2890000
3617,4159,1031,ทรี คอนโด เอกมัย,Tree Condo Ekamai,3,10,13.70183,100.5164,4.3,565,3000000,U,2012,34,90681,80202,82060,79780,89461,87986,1,1,2900000
4227,19226,1020,อินซิโอ้ เสรีไทย,Incio Condo,3,10,13.76214,100.4722,5.92,1201,2690000,U,2013,22,,,131708,135491,129686,138962,1,1,2900000
5642,12031,1029,เอช สุขุมวิท 43,H Sukhumvit 43,3,10,13.8176,100.5326,3.23,527,2790000,A,2015,30.6,,,,,,96280,1,1,2900000
5885,11374,1025,แบงค์คอก เฟ'ลิซ สุขุมวิท 69-2,Bangkok Feliz Sukhumvit 69-2,3,10,13.77875,100.4875,2.6825,493,1960000,A,2015,29,,,,,,,1,1,2900000
5677,4159,1012,ทัวร์มาลีน (ไลท์) สาทร-ตากสิน,TOURMALINE LITE SATHORN – TAKSIN,3,10,13.70215,100.5422,4.285,566,3920000,A,2015,35,,,,,,86142,1,1,2930000
1555,15516,1033,เฟรช คอนโดมิเนียม,Fresh Condominium,3,10,13.70824,100.5967,3.295,485,3600000,A,2010,26,102143,106037,104505,105819,114425,108618,1,1,2950000
4019,12971,1017,เดอะเนสท์ เพลินจิต,The Nest Ploenchit,3,10,13.75625,100.5714,15.25,1165,4480000,U,2013,34,80165,82464,85420,87755,88415,88225,1,1,2950000
4022,12971,1017,เดอะ นิช ไอดี ลาดพร้าว-วังหิน,The Niche ID Ladprao-wanghin,3,10,13.75628,100.5714,15,1165,10180000,U,2013,34,80165,82464,85420,87755,88415,88225,1,1,2950000
4044,15653,1014,พรีมิโอ ไพร์ม,Premio Prime,3,10,13.78846,100.5529,0.74,109,3990000,A,2013,32.59,92771,97085,101898,101633,98423,93333,1,1,2970000
4181,4159,1030,ซี สไตล์ คอนโด,C Style Condo,3,10,13.83426,100.5789,2.9975,332,2200000,A,2013,33,44595,15767,71779,70482,68251,75525,1,1,2970000
1953,683,1030,สุพรีม คอนโด,Supreme Condo,3,10,13.83102,100.5598,3.23,322,3900000,A,2010,30,80706,82100,88958,90538,87951,89367,1,1,2976700
4536,12031,1012,เซ็นทริโอ้ ลาดพร้าว 48,Centrio Ladprao 48,3,10,13.67532,100.533,6.585,1030,3190000,A,2014,34,87484,90882,105936,37255,93039,136420,1,1,2990000
5340,11066,1030,ดิ เอคโค่ คอนโด แอท ศรีนครินทร์,The Echo Condo @ Srinakarin,3,10,13.80643,100.5728,2.8275,517,3700000,U,2015,24,,,95765,32557,126591,129169,1,1,2990000
5414,15941,1012,เอมเมอรัลด์ เรสซิเดนท์ รัชดา,Emerald Residence Ratchada,3,10,13.70042,100.5427,2.6825,214,5900000,A,2015,25,,,103122,87478,88648,86275,1,1,2990000
2256,15572,1033,อาร์ท แอท ทองหล่อ 25,Art @ Thonglor 25,3,10,13.68992,100.6069,2.9575,262,3290000,A,2011,29.6,95935,818382,115973,105683,118404,118058,1,1,3000000
2325,2343,1033,แอมฟายน์ บางนา,I'm Fine Bangna,3,10,13.71602,100.5864,1.7675,280,2300000,U,2011,28.5,106055,97293,94599,93624,103850,98243,1,1,3000000
2332,16115,1017,แอสเซนท์ เอกมัย-ทองหล่อ,Ascent Ekamai - Thonglor,3,10,13.74454,100.5855,2.7475,515,2750000,A,2011,30,101055,102638,105171,97929,98143,102896,1,1,3000000
2365,140588,1032,ฟิวส์ เซนเซ่ บางแค,Fuse Sense Bangkae,3,10,13.69573,100.646,13.2225,1052,2500000,A,2011,37,62925,68333,64357,67318,68616,85423,1,1,3000000
2550,8108,1018,ศุภาลัย ไลท์ สาทร-เจริญราษฎร์,Supalai Lite sathorn-charoenrat,3,10,13.7205,100.5023,0,,1700000,U,2011,21,120577,116870,116420,115235,110243,122238,1,1,3000000
3477,3588,1009,เดอะ ล็อขสาม คอนโด,The Log 3 Sukhumvit 101/1,3,10,13.69286,100.6055,1.42,197,2690000,A,2012,28,38673,39933,69967,96611,86155,70897,1,1,3000000
4017,9905,1009,ซิลค์ เพลส พหลโยธิน - หลักสี่,Silk Place Pahonyothin - Laksi,3,10,13.69286,100.6055,0.7825,79,3650000,A,2013,28,38673,39933,69967,96611,86155,70897,1,1,3000000
4085,12031,1034,บียอนด์ สุขุมวิท,Beyond Sukhumvit,3,10,13.74037,100.6003,4.4525,,2076000,U,2013,35,85667,86229,86867,90953,97429,90429,1,1,3000000
4089,2895,1039,เดอะ เมเปิล รัชดา 19,The Maple Ratchada 19,3,10,13.71362,100.6007,2.4575,504,2300000,U,2013,26,85988,81600,94004,108077,117827,118389,1,1,3000000
4885,15903,1033,ซิลค์ พหลโยธิน 9,Silk Phaholyothin 9,3,10,13.72526,100.5618,0.5775,76,1900000,A,2014,28,109447,110489,109008,121342,110913,118546,1,1,3000000
4893,2895,1039,บางนา เรสซิเด้นซ์,Bangna Residence,3,10,13.72043,100.5882,1.375,124,2200000,U,2014,30.74,102869,101545,103002,98286,106638,107182,1,1,3000000
2944,16874,1039,ดิ ยูนีค 10,The Unique 10,3,10,13.74201,100.5586,2.9325,500,3000000,A,2011,23,125362,132676,128675,135239,128766,131027,1,1,3050000
3106,8593,1009,จี สไตล์ คอนโด,G STYLE CONDO,3,10,13.70465,100.602,6.4575,,4690000,U,2012,21,138795,145460,148836,149023,146446,156927,1,1,3050000
4894,140565,1031,โฟคัส เพลินจิต,Focus Ploenchit,3,10,13.70059,100.5157,4,523,2800000,W,2014,37,52538,85873,91376,89656,25150,74249,1,1,3050000
1632,139514,1037,บริดจ์ สาทร-นราธิวาส,Bridge Sathorn-Narathiwas,3,10,13.76183,100.5425,2.225,325,14000000,A,2011,34,92064,87831,100668,100635,114052,97290,1,1,3100000
2020,8528,1039,ลุมพินี เพลส สุขสวัสดิ์-พระราม 2,Lumpini Place Suksawat-Rama 2,3,10,13.7141,100.5946,1.5675,195,2700000,A,2011,30,93479,98358,104595,109730,111607,112771,1,1,3100000
5607,8861,1028,บี รีพับบลิค สุขุมวิท 101/1,B Republic Sukhumvit 101/1,3,10,13.70107,100.516,5.9125,885,3900000,A,2015,34,,,,94841,98510,99863,1,1,3100000
5203,9905,1028,ฟิวส์ จันทน์-สาทร,Fuse Chan-Sathorn,3,10,13.72182,100.5046,1.4025,200,2990000,A,2014,30,,,107093,111780,115467,119630,1,1,3150000
3271,4861,1017,แชมเบอร์ส รามอินทรา,Chambers Ramintra,3,10,13.7558,100.5673,4.62,,5990000,U,2012,32,102733,106140,111148,114255,112941,12006,1,1,3170000
2872,16757,1039,เอลลิโอ สุขุมวิท 64,Elio Sukhumvit 64,3,10,13.7103,100.602,3.25,467,3290000,A,2011,30.5,96465,101542,102307,101093,107331,106996,1,1,3180000
5572,17155,1033,The XXXIX สุขุมวิท 39,The XXXIX 39,3,10,13.72491,100.5634,2.6575,316,3990000,A,2015,24,,,,,,126160,1,1,3180000
3104,8593,1018,โคลเวอร์ ลาดพร้าว 83,Clover Ladprao 83,3,10,13.7205,100.5027,2.5125,530,1000000,U,2012,20.97,129022,144781,137190,149138,146025,146822,1,1,3190000
2110,14366,1018,เมย์แฟร์ เพลส สุขุมวิท 64,Mayfair Place Sukhumvit 64,3,10,13.72275,100.5016,0.8,72,2700000,U,2010,39.7,88542,94816,78214,87667,87500,86667,1,1,3200000
2547,11066,1018,เดอะ ทีค บางนา-ตราด,The Teak Bangna-Trad,3,10,13.72057,100.497,10.19,,2590000,U,2011,27,112550,110725,121380,131344,126309,115644,1,1,3200000
3217,5618,1047,แมกโนเลียส์ ราชดำริ บูเลอวาร์ด,Magnolias Ratchadamri Boulevard,3,10,13.68385,100.6103,1.945,234,1790000,U,2012,39,89683,88730,84065,83651,84504,96695,1,1,3200000
3242,15572,1033,เดอะ คิวบ์ รามคำแหง,The Cube Ramkhamhaeng,3,10,13.68994,100.6067,1.465,79,3290000,A,2012,35,85479,89834,86171,83266,86340,81111,1,1,3200000
3243,19226,1017,เดอะ คิทท์ พลัส นวมินทร์,The Kith plus nawamin,3,10,13.75584,100.5654,3.7125,705,7550000,U,2012,21,152093,152473,148511,146311,153247,166010,1,1,3200000
3309,11374,1025,มีสไตล์ @สุขุมวิท-บางนา,MeStyle @Sukhumvit-Bangna,3,10,13.77572,100.4848,1.7625,244,1750000,A,2012,34,82857,98776,97155,94048,83868,91226,1,1,3200000
4780,11382,1016,นิช ไอดี พระราม 2,Niche id Rama 2,3,10,13.74329,100.4818,0.5625,,2400000,A,2014,,,,,,,,1,1,3200000
4847,1614,1030,วี คอนโด เอกมัย-รามอินทรา,We Condo Ekkamai-Ramindra,3,10,13.80958,100.5764,0.5725,62,1640000,A,2014,51,72714,66278,66123,70345,69397,75295,1,1,3200000
5528,4861,1037,เดอะทรี พริวาต้า,The Tree Privata,3,10,13.75006,100.5648,6.7125,1642,6989999,U,2015,25,,,,,,128070,1,1,3200000
5916,138238,1030,เดอะ กรีน คอนโดมิเนียม 3,The Green Condominium 3,3,10,13.80101,100.5735,0.3725,46,2700000,A,2015,28.9,,,,,,88913,1,1,3200000
2067,818,1047,ลุมพินี เพลส ศรีนครินทร์-หัวหมาก,Lumpini Place Srinakarin-Huamak Station,3,10,13.67572,100.6086,4.36,588,1800000,U,2010,27,113636,113636,113636,113636,113636,113636,1,1,3300000
2392,4159,1012,แดน ลิฟวิ่ง รัชดา-ประชาอุทิศ,Than Living Ratchada - Prachautit,3,10,13.68822,100.5481,13.725,943,2600000,U,2011,40,81827,72092,84121,87020,88898,97535,1,1,3300000
5531,4159,1015,ไอดีโอ สาทร-ท่าพระ,Ideo Sathorn-Thapha,3,10,13.71125,100.4793,6.46,879,2500000,A,2015,39,,,,,77668,82243,1,1,3300000
5558,19766,1038,เดอะ ซีรี่ส์ อุดมสุข 29,The Series Udomsuk 29,3,10,13.83245,100.6254,0.755,54,2690000,A,2015,39,,,,,,89658,1,1,3300000
4021,9905,1017,โกลเด้น มาสเตอร์,The GOLDEN MASTER CONDOMINIUM,3,10,13.77109,100.574,0.785,79,4290000,U,2013,34.5,31103,106286,104204,104082,105200,162114,1,1,3350000
2210,15653,1033,เอสแอนด์เอส สุขุมวิท,S & S Sukhumvit,3,10,13.7247,100.5834,0.7425,99,2590000,A,2011,28.7,107794,121719,120453,151225,140992,131102,1,1,3390000
2272,11066,1018,เดอะ เทมโป ร่วมฤดี,The Tempo,3,10,13.72093,100.5066,3.6525,593,2400000,U,2011,27,119006,125259,126809,124880,122500,129529,1,1,3400000
3154,11572,1037,โนเบิล 09 ร่วมฤดี,Noble 09,3,10,13.76055,100.5425,3,547,7700000,A,2012,35,94440,96635,97092,96321,95958,104893,1,1,3400000
4527,12782,1030,โนเบิล รีดี,Noble Re D,3,10,13.82244,100.5794,1.5125,70,2800000,U,2014,61,98678,98575,95770,91940,91907,95989,1,1,3400000
5968,11382,1022,ลุมพินี คอนโดทาวน์ รามอินทรา-ลาดปลาเค้า 2,Lumpini Condo Town Ramindra-Latplakhao 2,3,10,13.73736,100.4376,1.655,,999900,A,2015,26,,,,97282,136087,87307,1,1,3423000
5182,10579,1028,ลุมพินี พาร์ค พระราม 9-รัชดา,Lumpini Park Rama 9-Ratchada,3,10,13.72018,100.4938,2.8475,511,3390000,A,2014,30,,,116374,122935,140548,14921,1,1,3470000
2276,2129,1037,เดอะ ลอฟท์ เอกมัย,The Lofts Ekkamai,3,10,13.74966,100.5559,5.0075,477,2300000,U,2011,33,116499,117967,120303,123355,121891,120150,1,1,3490000
3042,7338,1030,ลิฟวิ่งเนสท์ รามคำแหง,Living Nest Ramkhamhaeng,3,10,13.82869,100.5655,7.5,,3300000,U,2011,39.83,102151,103200,107186,109394,101128,100875,1,1,3500000
3119,15552,1009,เอ สเปซ เพลย์ รัชดา-สุทธิสาร,A Space Play Ratchada-Sutthisan,3,10,13.6875,100.6065,2.0625,,3200000,U,2012,30,98425,100562,96161,97111,102641,124456,1,1,3500000
3652,6785,1014,รีเจ้นท์ โฮม 16 พหลโยธิน 67,Regent Home 16 Phaholyotin 67,3,10,13.78652,100.5436,1.01,109,2889999,A,2013,35,118310,119442,115938,117703,119880,41272,1,1,3500000
4420,14314,1009,เปรมสิริ บูทิค พาร์ค,Premsiri Boutique Park,3,10,13.70243,100.5989,0.8475,74,3690000,A,2013,35,96789,97058,103838,104062,102603,108824,1,1,3500000
5273,6719,1039,โมทีฟ คอนโด แจ้งวัฒนะ,Motive Condo Changwattana,3,10,13.73916,100.5891,2,259,7000000,A,2014,31,87836,109048,106685,141932,113654,144802,1,1,3500000
3628,20526,1005,ลุมพินี คอนโดทาวน์ รามอินทรา-ลาดปลาเค้า,lumpini condotown ramindra-latplakhao,3,10,13.8787,100.5984,2.5425,274,1590000,A,2012,50.52,62887,62874,55447,55917,55592,62520,2,1,3550000
4001,818,1047,ปรัชญาเพลส รัชดา-ห้วยขวาง,PRADYA PLACE RATCHADA – HUAI KHWANG,3,10,13.67601,100.608,9.915,898,3400000,A,2013,31,114214,122047,136357,114596,129735,126453,1,1,3580000
5245,4126,1038,เดอะ แฮปปี้เนส,The Happiness,3,10,13.80518,100.5737,1.5325,236,3800000,A,2014,34,98902,103327,121109,121929,113254,111734,1,1,3590000
2010,15553,1047,ดิ ไอริส พระราม 9 - ศรีนครินทร์,IRIS,3,10,13.68136,100.6081,1.9725,112,2700000,U,2010,42,86890,85258,83267,81361,100985,89560,1,1,3600000
3117,5325,1039,ลุมพินี พาร์ค ปิ่นเกล้า,lumpini park,3,10,13.74049,100.5782,1.805,128,6600000,A,2012,33,141057,141688,165373,184659,165522,172081,1,1,3600000
3509,9905,1039,ยู ดีไลท์ @ หัวหมาก สเตชั่น,U Delight @ Huamak Station,3,10,13.71543,100.5921,0.475,61,6600000,A,2012,28,132839,120255,123682,124340,146435,124121,1,1,3600000
4129,666,1017,เดอะ เรสซิเดนเซส แอท เดอะ เซนต์ รีจิส,THE RESIDENCES AT THE ST.REGIS,3,10,13.75172,100.5881,4.33,473,3390000,A,2013,56,60606,58058,56518,69238,63966,68124,1,1,3600000
4443,4618,1030,เดอะ มาร์เวล เรสซิเด้นซ์,The Marvel Residence,3,10,13.81809,100.5647,21.745,1012,2750000,A,2013,38,94964,94783,96326,99983,101288,11213,1,1,3600000
5081,139514,1029,เดอะ ริทซ์-คาร์ลตัน เรสซิเดนเซส บางกอก,The Ritz-Carlton Residences Bangkok,3,10,13.80634,100.5299,1.78,279,3200000,U,2014,27,,115442,123837,128116,126085,128197,1,1,3600000
2319,16045,1039,มาร์ค สุขุมวิท,Marque Sukhumvit,3,10,13.73114,100.5827,0.7775,99,2880000,U,2011,30,126919,139589,38950,139940,44647,133916,1,1,3640000
3056,4861,1017,185 ราชดำริ,185 RAJADAMRI,3,10,13.78302,100.5745,5.5,,5990000,U,2011,30,111044,111272,117865,122122,121040,127183,1,1,3650000
2143,2895,1015,ดิ เอ็มโพริโอ เพลส,The Emporio Place,3,10,13.71553,100.4893,5,,2490000,U,2010,31,75298,77799,80866,83933,87000,91078,1,1,3680000
1744,818,1026,เลอ โมนาโค เรสซิเดนซ์,Le Monaco Residences,3,10,13.78402,100.5717,5.2075,535,3390000,A,2010,28,107000,103942,98910,102395,112502,129704,1,1,3690000
3551,16121,1037,เดอะ แบงค็อค สาทร,The Bangkok Sathorn,3,10,13.76283,100.5409,0.7525,79,3800000,U,2012,32.51,103560,114495,115104,112241,116216,120190,1,1,3690000
1987,9905,1014,นอร์ธ ปาร์ค เพลส,North Park Place,3,10,13.7876,100.5446,0.6575,79,2000000,U,2010,44.45,118981,118252,109953,90364,124630,110628,1,1,3700000
3973,8018,1017,แอทธินี เรสซิเด้นซ์,Athenee Residence,3,10,13.76383,100.5695,2.7275,802,3200000,A,2013,25,132682,124611,127796,141232,147163,133163,1,1,3700000
4199,8018,1017,ไบร์ท สุขุมวิท 24,Bright Sukhumvit 24,3,10,13.76412,100.5692,3.415,755,4200000,A,2013,25,132682,124611,127796,141232,147163,133163,1,1,3700000
5736,4861,1025,โนเบิล รีเวนต์,Noble Revent,3,10,13.77663,100.4847,4.965,803,2890000,A,2015,30,,,,,113966,119607,1,1,3700000
2391,8018,1033,โนเบิล รีไฟน์,Noble Refine,3,10,13.74041,100.5848,3.3875,572,3680000,A,2011,30,112766,122500,120546,122366,126035,121526,1,1,3750000
2900,16785,1033,โนเบิล รีฟอร์ม,Noble Reform,3,10,13.7137,100.59,1.105,64,2890000,U,2011,36,99388,99400,98856,129048,125267,92372,1,1,3750000
3988,19682,1033,โนเบิล รีวอลฟ์ รัชดา,Noble Revolve Ratchada,3,10,13.74217,100.5578,6.1625,444,5810000,U,2013,36,91786,99485,99820,96296,103394,98718,1,1,3750000
4418,140741,1033,เดอะ คอมพลีท นราธิวาส,THE COMPLETE NARATHIWAS,3,10,13.71393,100.5996,6.2625,280,4300000,A,2013,46,67286,68975,65012,68805,69042,81864,1,1,3750000
3257,4159,1017,ดิ เอ็มไพร์ เพลส สาทร,The Empire Place Sathorn,3,10,13.76713,100.5788,17.15,1002,4990000,A,2012,47,71382,78606,88777,86352,87515,83625,1,1,3800000
3995,5618,1017,วอเตอร์มาร์ค เจ้าพระยา ริเวอร์,Watermark Chaophraya River,3,10,13.78033,100.574,3.7275,674,5950000,U,2013,27,102368,103897,110000,116666,118363,110800,1,1,3800000
2891,16776,1007,นายน์ บาย แสนสิริ,NYE by SANSIRI,3,10,13.73295,100.5292,21,220,2000000,A,2011,41,127631,117078,106526,95974,89311,127994,1,1,3820000
2147,4861,1014,เดอะ เทรนดี้ คอนโดมิเนียม,The Trendy Condominium,3,10,13.78898,100.5468,5.535,809,3600000,U,2010,35,145939,133754,125395,125820,130062,127676,1,1,3850000
2193,7338,1030,เซอร์เคิล สุขุมวิท 11,Circle Sukhumvit 11,3,10,13.8096,100.558,3.23,490,3000000,A,2010,30,121203,130165,130371,130765,133756,139050,1,1,3850000
3498,4290,1033,ซิลค์ พหลโยธิน-อารีย์ 2,SILK PHAHOLYOTHIN-AREE 2,3,10,13.71609,100.5837,0.87,115,3200000,U,2012,39.11,88660,103475,102500,100467,110168,107361,1,1,3850000
3974,11572,1012,ซิลค์ พหลโยธิน 3,SILK PHAHOLYOTHIN 3,3,10,13.70293,100.5397,1.725,185,4900000,A,2013,36,103576,112302,113680,107774,113727,109242,1,1,3850000
1189,9496,1018,เซ็นทริค อารีย์ สเตชั่น,Centric Ari Station,3,10,13.72146,100.5108,12.8525,837,6200000,A,2010,36,157013,165124,175145,167315,171385,178060,1,1,3875000
1187,4290,1009,เซ็นทริค ห้วยขวาง สเตชั่น,Centric Huai Khwang Station,3,10,13.70428,100.6007,0.975,73,3700000,A,2011,40,81085,76816,80960,90620,96004,90434,1,1,3900000
1532,1365,1004,คณาพญา เรสซิเดนซ์,Canapaya Residences,3,10,13.73206,100.5264,3.1075,465,3770000,A,2011,30,125370,123025,128429,120049,129491,137922,1,1,3900000
2065,8593,1037,เดอะ สกาย สุขุมวิท,The Sky Sukhumvit,3,10,13.75459,100.5428,2.515,451,2500000,U,2011,31,109488,133743,131057,126197,128715,129375,1,1,3900000
2326,2895,1039,ลิปป์ รามคำแหง 43/1,Lib Ramkhamhaeng 43/1,3,10,13.73026,100.588,3.745,374,2600000,A,2011,29,113966,122029,118650,114737,123212,131353,1,1,3900000
2595,2895,1033,ลีโว ลาดพร้าว 18 โครงการ 2,Levo Lat Phrao 18 (2),3,10,13.71288,100.5939,2.6875,460,2900000,U,2011,29,100571,110285,120392,124992,127942,122980,1,1,3900000
3057,15941,1039,เบ็ล แกรนด์ พระราม 9,BELLE GRAND RAMA 9,3,10,13.73909,100.5725,1.145,87,4100000,A,2011,30,122726,125757,131262,128372,128173,142509,1,1,3900000
4051,7132,1014,ชาโตว์ อินทาวน์ สุขุมวิท 62/1 เฟส 2,Chateau Intown Sukhumvit 62/1 Phase 2,3,10,13.79167,100.5392,3.3325,,,U,2013,38,91292,95657,95234,90666,89095,103749,1,1,3900000
3103,3902,1030,ลุมพินี เพลส พระราม 9-รัชดา,Lumpini Place Rama 9-Ratchada,3,10,13.80902,100.5682,4.885,561,32000000,A,2012,34,102736,112525,112888,115132,112455,111059,1,1,3940000
6126,138398,1014,อีลิท เรซิเดนท์ พระราม 9-ศรีนครินทร์,ELITE RESIDENCE,3,10,13.77968,100.542,0.6825,,3400000,U,2015,27,,,,,119885,161364,1,1,3970000
5606,8861,1028,ชาโตว์ อินทาวน์ รัชดา 10,CHATEAU IN TOWN RATCHADA 10,3,10,13.70766,100.5267,2.825,376,5100000,A,2015,35,,,,128498,144454,151153,1,1,3990000
1803,4290,1033,ลุมพินี เพลส พระราม 9-รัชดา (เฟส 2),Lumpini Place Rama 9-Ratchada,3,10,13.71524,100.5877,0.875,73,3300000,U,2011,39,88079,85829,83183,90833,91709,96870,1,1,4000000
1927,4159,1030,เดอะ พาร์คแลนด์ รัชดา-วงศ์สว่าง,The Parkland Ratchada-Wongsawang,3,10,13.8301,100.5627,8.505,826,2800000,U,2010,47.5,68167,68667,73810,70343,71886,76328,1,1,4000000
2360,12733,1033,เดอะ พาร์คแลนด์ เพชรเกษม-ท่าพระ,The Parkland Phetkasem-Thapra,3,10,13.7279,100.5609,1.3975,140,4200000,A,2011,40,111425,111818,108864,108409,102041,109932,1,1,4000000
3689,11572,1012,เดอะ บรีส นราธิวาส-สาทร,The Breeze Narathiwas-Saton,3,10,13.70417,100.5397,0.9,91,4990000,A,2013,33,100580,101771,114528,138001,121111,124713,1,1,4000000
5177,134932,1014,อิซซี่ คอนโด สุขสวัสดิ์,Issi Condo Suksawat,3,10,13.7784,100.5483,1.0225,123,4990000,A,2014,37,,,,103854,81071,69178,1,1,4000000
4076,1955,1039,รีเจ้นท์ ออคิด สุขุมวิท 101,Regent Orchid Sukhumvit101,3,10,13.73093,100.5861,1.2775,135,4300000,A,2013,32,119692,123797,125125,126758,128027,134242,1,1,4100000
4649,4861,1026,คาซ่าคอนโด รัชดา-ท่าพระ,Casa Condo Ratchada-Thapra,3,10,13.75428,100.5645,1.715,385,4500000,U,2014,22,147849,149499,146136,139012,149230,152902,1,1,4100000
1598,853,1017,คาซ่าคอนโด อโศก-ดินแดง,Casa Codo Asoke Dindaeng,3,10,13.74827,100.5645,2.025,382,4500000,U,2010,35,97514,99903,104346,100670,99064,110168,1,1,4200000
2934,16819,1014,เดอะ คริส เอ็กซ์ตร้า พระราม 9,THE KRIS EXTRA RAMA 9,3,10,13.78777,100.5475,1.385,151,3090000,A,2011,40,99363,96464,96561,102688,107539,104354,1,1,4200000
3004,17404,1018,เดอะ ไพรม์ 11,The Prime 11,3,10,13.71919,100.5084,3.3275,446,1900000,A,2011,43,92962,90215,87245,83798,88431,87572,1,1,4200000
3105,19226,1014,โซซิโอ อินทามระ,Socio Inthamara,3,10,13.75921,100.5326,1.6925,317,2688000,U,2012,21,163754,157734,173685,176834,175526,208028,1,1,4200000
4794,7736,1015,ลุมพินี เพลส พระราม 4-กล้วยน้ำไท,Lumpini Place Rama 4-Kluaynamthai,3,10,13.71949,100.4906,3.44,475,4600000,A,2014,38.49,,,,,129384,130107,1,1,4200000
5467,12018,1014,อินโทร พหลโยธิน-ประดิพัทธ์,intro,3,10,13.78039,100.5397,0.5025,66,2760000,A,2015,35,,,,28571,84920,129832,1,1,4200000
3124,17094,1017,เดอะ คริส เอ็กซ์ตร้า 7,THE KRIS EXTRA 7,3,10,13.74415,100.587,2.0525,281,4800000,A,2012,34.8,106326,109746,115872,119947,125112,150356,1,1,4250000
2156,15505,1017,ดีคอนโด อ่อนนุช-พระราม 9,dcondo On Nut-Rama 9,3,10,13.79882,100.5751,7.2,,3200000,U,2011,33,116168,118754,122716,122271,119480,117507,1,1,4300000
2259,4290,1009,เดอะ พีซ แอท ลาดพร้าว 15,The Peace @Ladprao 15,3,10,13.70285,100.6001,0.9675,95,2900000,U,2011,41,101807,96952,97910,85914,88956,10036,1,1,4300000
2292,2895,1018,แชปเตอร์วัน เดอะแคมปัส เกษตร,Chapter One The Campus,3,10,13.72177,100.4963,2.4275,365,3800000,U,2011,40,117894,118868,115485,117151,118063,117508,1,1,4300000
3857,15816,1014,โมดิซ ลาดพร้าว 18,Modiz Ladpeao 18,3,10,13.73924,100.5506,0.6,,,U,2013,43,140770,135642,143348,154463,154030,134182,1,1,4300000
4075,8576,1004,คลาส สีลม,Klass Silom,3,10,13.72556,100.5314,1.1025,176,3800000,A,2013,29,210430,198947,173049,150025,165096,174949,1,1,4300000
5313,16791,1033,ดิ แอลโคฟ ทองหล่อ 10,The Alcove Thonglor 10,3,10,13.72485,100.5748,1.19,141,4000000,U,2015,32,149832,142520,144375,176250,163093,164732,1,1,4320000
4127,632,1039,ยู ดีไลท์ เรสซิเดนซ์ (พัฒนาการ - ทองหล่อ),U Delight Residence,3,10,13.72885,100.5904,0.81,95,2910000,A,2013,40,120378,129446,116448,110174,117966,116957,1,1,4345000
3326,15941,1014,ฮาร์โมนี ลิฟวิ่ง พหลโยธิน 11,Harmony Living Paholyothin 11,3,10,13.77573,100.5418,1.2125,290,2774500,A,2012,31.28,126134,124113,129308,139565,143383,155426,1,1,4350000
3985,2895,1018,โมทีฟ คอนโด วงเวียนใหญ่-ตลาดพลู,Motif Condo Wongwian Yai-Talat Phlu,3,10,13.72139,100.4972,3.655,636,3390000,U,2013,31,107138,118572,131584,136358,137422,140794,1,1,4350000
3143,446,1039,เดอะ เบส พาร์คอิสต์ สุขุมวิท 77,The Base Parkeast Sukhumvit 77,3,10,13.73913,100.5825,0.94,98,4290000,A,2012,35,116659,116983,113666,115149,118679,109700,1,1,4360000
2334,16123,1039,ไซมิส ควีนส์,Siamese Queens condominium,3,10,13.74216,100.5541,0.94,133,2800000,A,2011,38.78,136681,137979,139326,138652,139344,142785,1,1,4380000
3490,8018,1002,ลุมพินี วิลล์ ราษฎร์บูรณะ-ริเวอร์วิว,Lumpini Ville Ratburana-Riverview,3,10,13.77834,100.5423,2.425,483,3260000,U,2012,23.6,113869,117548,124443,137771,134804,154533,1,1,4414410
3590,134816,1039,เดอะ คริส เอ็กซ์เพรส 2,THE KRIS EXPRESS 2,3,10,13.74004,100.5807,0.9075,102,3450000,A,2012,36.55,106364,117992,108750,122402,133152,140495,1,1,4500000
3768,134816,1047,ลุมพินี วิลล์ รามคำแหง 60/2,Lumpini Ville Ramkhamhaeng 60/2,3,10,13.67042,100.6242,0.8325,79,1900000,U,2013,79,68517,72655,76793,80931,69031,107695,2,2,4500000
3991,6785,1014,อะพูล คอนโด แอท บางนา,A Pool Condo @Bangna,3,10,13.77915,100.5415,1.0725,79,3200000,A,2013,35,102521,107719,109151,123413,118651,129326,1,1,4500000
2254,15816,1014,คลาส หลังสวน,Klass Langsuan,3,10,13.77632,100.5446,0.76,79,3000000,U,2011,44,101434,102688,107231,107487,105242,112738,1,1,4600000
2552,11066,1004,ควาโซ สุขุมวิท 5,Quarzo Sukhumvit 5,3,10,13.72509,100.5333,1.1125,,4990000,U,2011,30,133947,182307,153151,142722,156365,152521,1,1,4600000
3002,7338,1030,แมนฮัตตัน ชิดลม,Manhattan Chidlom,3,10,13.81636,100.5628,1.9675,286,5500000,A,2011,30.8,145632,148808,148511,161198,157863,174539,1,1,4600000
4043,16764,1039,เท็น เอกมัย,Ten Ekamai,3,10,13.74606,100.5562,0,186,2900000,U,2013,34,135721,131830,129667,128799,128634,136439,1,1,4600000
5387,15572,1030,ไอ-เฮ้าส์ พระราม 9-เอกมัย,i-House Rama 9-Ekamai,3,10,13.80537,100.5742,3.11,497,4200000,A,2015,31,,149685,150333,146766,153955,142352,1,1,4640000
5342,7338,1030,ดิ เออร์บาโน่,The Urbano,3,10,13.79769,100.5516,4,864,4500000,A,2015,30,121875,127531,146875,178795,161042,147042,1,1,4728000
3600,19421,1039,เดอะ ไลท์ นิวยอร์ค,THE LIGHT NEW YORK,3,10,13.73375,100.586,1.0225,93,2390000,A,2012,42,113405,113405,113405,113405,113405,113405,1,1,4763000
1687,12741,1039,เดอะ วีวา คอนโด เพชรเกษม 68,The Viva Condo Petchkasem 68,3,10,13.71387,100.5932,1.2125,520,6940000,A,2010,32,142404,157212,140981,144843,144723,134015,1,1,4800000
2179,1145,1037,ศุภาลัย ซิตี้ รีสอร์ท รัชโยธิน-พหลโยธิน 32,Supalai City Resort,3,10,13.74905,100.5619,4.2875,525,4300000,A,2010,41,115174,118136,124440,123862,135865,142191,1,1,4800000
2321,11066,1025,โนเบิล รีวอลฟ์ รัชดา 2,Noble Revolve Ratchada 2,3,10,13.77017,100.4846,1.69,187,2890000,A,2011,42.5,80830,102174,103364,109053,91827,205307,1,1,4800000
4993,7338,1007,คอนโดเลต พิกเซล สาทร,Condo lette Pixel Sathorn,3,10,13.73583,100.5508,1.155,138,9000000,A,2014,28,,,173631,174221,185809,95111,1,1,4800000
5029,19130,1039,แมนแฮตตัน พาร์ค เรสิเดนซ์เซส,Manhattan Park Residences,3,10,13.74351,100.5553,0.62,79,5600000,A,2014,36,,,,,,176679,1,1,4800000
4086,10025,1014,โนเบิล รีโว สีลม,Noble Revo Silom,3,10,13.78718,100.5461,2.495,101,5162000,A,2013,60,85185,89849,85363,89492,85607,95287,1,1,4840000
2869,16754,1007,อีส พระราม 2,Ease Rama 2,3,10,13.74568,100.5494,0.6125,62,999000,A,2011,40,96343,84706,118207,121000,129919,147559,1,1,4850000
5505,2895,1030,เดอะ รูม สุขุมวิท 69,The Room Sukhumvit 69,3,10,13.80572,100.5567,4.75,841,4000000,U,2015,27,,,176514,178218,185099,184434,1,1,4850000
2207,4159,1037,ไอดีโอ วุฒากาศ,Ideo Wutthakat,3,10,13.75492,100.5263,5.7,582,5500000,U,2011,38,80826,96275,110175,123385,113294,115833,1,1,4900000
2246,12733,1039,ไอดีโอ คิว จุฬา-สามย่าน,Ideo Q Chula-Samyan,3,10,13.74203,100.5668,0.82,,4200000,A,2010,39,120937,126700,127490,130387,126973,118383,1,1,4900000
2601,2895,1039,ไอดีโอ โมบิ จรัญ-อินเตอร์เชนจ์,IDEO MOBI CHARAN-INTERCHANGE,3,10,13.73016,100.5761,1.1175,,4900000,U,2011,30,176187,181038,163628,170818,152672,192858,1,1,4900000
2927,16812,1025,Rhythm Sukhumvit 42,Rhythm Sukhumvit 42,3,10,13.77676,100.4973,2.7325,200,2500000,A,2011,70,61327,62298,61881,85283,85196,85179,1,1,4900000
3001,17355,1039,แอล สไตล์ คอนโด,L Style Condo,3,10,13.73901,100.5641,0.625,50,3800000,A,2011,35,140791,135365,142329,142794,147834,143109,1,1,4900000
4029,683,1012,พาร์ค วิลเลจ อ่อนนุช-สุวรรณภูมิ,Park Village On Nut-Suvarnabhumi,3,10,13.69656,100.5448,2.2875,294,4800000,A,2013,44,114607,115415,115728,118679,116656,117805,1,1,4900000
5590,2895,1039,นิช โมโน รัชวิภา,Niche Mono Ratchavipha,3,10,13.71521,100.5949,1.8825,291,5200000,U,2015,31,,419013,162171,171638,173167,164674,1,1,4950000
2122,14519,1028,ศุภาลัย เวอเรนด้า รัชวิภา-ประชาชื่น,Supalai Veranda Ratchavioha-Prachachuen,3,10,13.71244,100.5283,1,54,3590000,U,2010,74,78000,79211,77632,76053,76244,79418,2,2,4980000
3994,5618,1014,เพ-ลา,PE:LA,3,10,13.7781,100.5423,2.7325,516,4790000,A,2013,27,147122,130963,152059,161058,171141,174914,1,1,4990000
2154,5618,1014,ฮิว สุขุมวิท,HUE Sukhumvit,3,10,13.78809,100.5427,1.71,154,3900000,U,2011,43,126119,114805,114066,113358,112887,115852,1,1,5000000
3518,17155,1007,วิสต้า การ์เด้น,Vista Garden,3,10,13.74633,100.5494,0.5875,64,9200000,A,2012,36,130850,145414,142845,156411,154496,156578,1,1,5000000
3739,5618,1043,เรสซิเดนซ์ 52 แอท บีทีเอส อ่อนนุช,Residence 52 @ BTS Onnut,3,10,13.82001,100.6632,4.0575,152,5590000,A,2013,51,77659,73889,64579,66337,65684,70471,2,2,5000000
4226,19226,1004,แอ็บสแตร็กส์ พหลโยธิน พาร์ค,Abstracts Phahonyothin Park,3,10,13.73348,100.5266,5.8975,1605,3500000,U,2013,23,154506,160300,153637,167334,186467,197460,1,1,5000000
5373,20399,1039,ดิ เอ็กเซล แบริ่ง,the excel bearing,3,10,13.74003,100.5808,0.9075,102,4500000,U,2015,40,106364,117992,108750,122402,133152,140495,1,1,5000000
3116,11066,1033,แฟมิลี่ ไลฟ์ คอนโด,FAMILY LIFE CONDO,3,10,13.72605,100.5702,2.0475,224,4290000,U,2012,28.5,124190,147507,141016,142271,148642,152882,1,1,5020000
845,11064,1039,ยู ดีไลท์ เรสซิเดนซ์ ริเวอร์ฟร้อนท์ พระราม 3,U Delight Residence Riverfront Rama 3,3,10,13.73867,100.5871,1.53,79,4000000,U,2007,55,89894,95304,80634,83209,82724,88980,1,1,5060000
2992,11066,1017,ลุมพินี วิลล์ ลาดพร้าว-โชคชัย 4,Lumpini Ville Latphrao-Chokchai 4,3,10,13.76296,100.5683,2.2325,289,3500000,A,2011,30,144258,157890,157301,170969,165867,177234,1,1,5100000
3355,19690,1028,ไลบรารี่ เฮ้าซ์,Library Houze,3,10,13.71882,100.5328,2.1375,301,7700000,U,2012,33,129507,157069,139759,141977,154424,154078,1,1,5100000
3688,17006,1033,เอ สเปซ เกษตร,A Space Kaset,3,10,13.73977,100.5519,1.0075,132,8000000,A,2013,32.91,166591,147704,146736,148990,146344,152564,1,1,5100000
4014,3352,1017,เซอร์เคิล ลิฟวิ่ง โปรโตไทป์ 2,Circle Living Prototype 2,3,10,13.75962,100.5684,8.2875,1991,13500000,A,2013,43,94510,108532,116525,120714,130525,144314,1,1,5200000
4568,11066,1007,แอท ซิตี้ สุขุมวิท 101/1,@ City Sukhumvit 101/1,3,10,13.7493,100.5274,3.6425,273,4500000,U,2014,28,179113,177336,188307,191677,194831,195478,1,1,5200000
5527,4861,1037,มายคอนโด สุขุมวิท 81,My Condo Sukhumvit 81,3,10,13.76116,100.537,1.9825,392,6000000,U,2015,28,,,190056,194609,195475,193200,1,1,5200000
4212,8018,1004,ลุมพินี วิลล์ รามคำแหง 26,Lumpini Ville Ramkhamhaeng 26,3,10,13.71958,100.5197,1.52,319,3400000,A,2013,31,151897,146313,146830,156469,149841,146855,1,1,5250000
3113,8018,1039,เดอะรีเซิร์ฟ เกษมสันต์ 3,The Reserve Kasemsan 3,3,10,13.72209,100.5846,2.0775,273,3550000,A,2012,30,145712,147685,158800,161673,164349,159444,1,1,5280000
4643,12971,1032,ออนนิกซ์ พหลโยธิน,Onyx Phaholyothin,3,10,13.72275,100.5664,0,411,5500000,A,2014,26.5,199314,222572,196364,219558,219671,231295,1,1,5290000
2350,16234,1004,เดอะ พาร์คแลนด์ ศรีนครินทร์,The Parkland Srinakarin,3,10,13.72916,100.5289,0.55,52,5400000,A,2011,40,120511,136221,149938,123076,128802,130083,1,1,5300000
2964,4861,1033,นารา 9,Nara 9,3,10,13.71554,100.5906,3.1875,486,3500000,U,2011,31.6,147611,174531,172594,166713,172744,172815,1,1,5300000
3073,5618,1039,เดอะไพรเวซี่ รัชดา-สุทธิสาร,The Privacy Ratchada-Sutthisan,3,10,13.73062,100.5765,0.8925,88,4490000,U,2011,33,147480,148344,150911,152957,154388,152469,1,1,5300000
3496,2129,1033,ลุมพินี วิลล์ อ่อนนุช 46,Lumpini Ville Onnut 46,3,10,13.73537,100.558,1.01,110,6990000,A,2012,27,141751,139397,151793,143121,155345,149246,1,1,5300000
1186,4290,1030,ลุมพินี วิลล์ อ่อนนุช-พัฒนาการ,Lumpini Ville On Nut – Phatthanakan,3,10,13.80463,100.5784,1.135,79,2240000,U,2010,81,68273,70506,70881,70898,67118,65551,2,2,5500000
2604,11066,1039,เดอะ ลุมพินี 24,The Lumpini 24,3,10,13.7373,100.5837,3.41,447,6200000,A,2011,35,161110,171492,177515,176995,181645,178604,1,1,5500000
2817,16701,1050,Rhythm Asoke,Rhythm Asoke,3,10,13.63709,100.3876,0,,1500000,U,2011,60,70332,73934,76096,78271,82814,78356,1,1,5500000
3992,6785,1014,ชาโตว์ อินทาวน์ รัชดา 19,Chateau In Town Ratchada 19,3,10,13.77419,100.5413,1.0075,99,2400000,A,2013,41,110775,96078,112942,120833,96962,122463,1,1,5500000
4253,4861,1033,เมโทร สกาย บางซื่อ-ประชาชื่น,Metro Sky Bangsue-Prachachuen,3,10,13.71779,100.5847,3.155,407,6600000,U,2013,27,139167,173660,179841,174162,185560,185816,1,1,5660000
1828,1432,1004,รีเจ้นท์โฮม 1 พหลโยธิน 67,REGENT HOME 1 PHAHOLYOTHIN 67,3,10,13.7251,100.533,0.685,74,2990000,A,2010,40,139808,142164,146754,151627,143620,150119,1,1,5700000
2593,18386,1012,พราวด์ พอสโต้ พระราม 2-พุทธบูชา,Proud Posto Praram 2-Phutthabucha,3,10,13.67197,100.542,8.79,52,5400000,A,2011,57.16,126345,139816,150644,148460,142170,144800,1,1,5700000
4577,683,1028,การ์เดน อโศก-พระราม 9,GARDEN Asoke-Rama 9,3,10,13.71789,100.5325,3.0025,361,8400000,A,2014,39,144078,143317,141325,146124,148151,152207,1,1,5700000
5434,19682,1039,เพซ คอนโดมิเนียม,Pace Condominium,3,10,13.74372,100.5567,2.395,478,5900000,A,2015,33,,195000,187069,194006,205338,198382,1,1,5700000
5530,4159,1004,รีเจ้นท์ โฮม 18 แจ้งวัฒนะ,Regent Home 18 Changwattana,3,10,13.73043,100.5234,2.3875,277,5000000,A,2015,50,,,,,16686,122072,1,1,5700000
5152,134782,1014,เรสต้า แจ้งวัฒนะ 12,Resta Changwattana 12,3,10,13.77759,100.5455,0.56,36,6800000,U,2014,48,,107772,113285,116618,118309,122542,1,1,5790000
2592,7338,1004,เอสต้า สะพานใหม่,Esta Phahol-Sapanmai,3,10,13.72357,100.5318,0.8125,95,4100000,A,2011,40,136434,138127,138552,141135,144564,154406,1,1,5800000
3352,19682,1039,เซอราโน่ คอนโดมิเนียม,Serrano Condominium,3,10,13.74082,100.5571,2.44,445,60000000,A,2012,28,191037,193373,198872,198248,194064,195822,1,1,5840000
3873,8018,1014,ชาโตว์ อินทาวน์ วิภาวดี 10,Chateau in Town Vibhavadi 10,3,10,13.78017,100.5439,1.87,272,4890000,A,2013,35,143990,151900,154410,163136,158585,179667,1,1,5900000
3970,8018,1037,เดอะ ไนน์ คอนโดมิเนียม 3,The Nigh Condominium 3,3,10,13.75748,100.5357,0,261,4180000,A,2013,32,147864,151942,161332,168836,161340,182381,1,1,5900000
2329,16095,1039,เดอะ โมนาเวล เพชรเกษม 39,The Mona Vale Phetkasem 39,3,10,13.74596,100.5628,4.7275,453,3600000,U,2011,52,105039,113182,113875,102342,112325,112272,1,1,6100000
4220,8861,1039,ปาร์ค พุทธบูชา 48,Parque Phutthabucha 48,3,10,13.71427,100.5927,3.265,375,6900000,A,2013,34.26,165790,169247,173098,180662,169130,188813,1,1,6100000
2559,19226,1039,เวนโต้ คอนโด เกษตร-นวมินทร์,Vento Condo Kaset-Navamin,3,10,13.71897,100.5794,3.34,201,3100000,U,2011,33,203402,218113,214880,220903,217023,228567,1,1,6130000
2297,8018,1033,อินดี้ คอนโด อิสรภาพ 31,Indy Condo Issarapab 31,3,10,13.72387,100.577,0,152,4140000,U,2011,37,,,,180935,164529,184848,1,1,6200000
3876,9496,1039,พาร์ค รามอินทรา,Park Ramindra,3,10,13.71866,100.5873,1.9575,263,3900000,A,2013,33,155952,181685,180551,181322,186720,184102,1,1,6200000
5635,19226,1037,เดอะ คลาสซี่ รัชดาภิเษก 19,The Classy Ratchadaphisek 19,3,10,13.74962,100.5439,1.7,354,5750000,A,2015,35,,,,182916,192526,189477,1,1,6201630
2599,7338,1033,เอ สเปซ ไอ ดี อโศก-รัชดา,A Space I.D. Asoke-Ratchada,3,10,13.72554,100.5649,3.25,269,6500000,U,2011,50,161245,158941,162035,168555,154224,151336,1,1,6500000
5089,8018,1039,ไบร์ท วงเวียนใหญ่,Bright Wongwian Yai,3,10,13.74184,100.5603,1.57,288,5100000,A,2014,35,194459,204089,203507,209895,206399,211745,1,1,6500000
5536,8018,1039,แอนนา เพลส คอนโดมิเนียม,Anna Place Condominium,3,10,13.7356,100.5675,2.0125,282,6860000,A,2015,35,,250677,250949,266772,245545,230035,1,1,6526000
5867,2895,1037,แอสปาย สาทร-ตากสิน Brick Zone,Aspire Sathorn-Taksin (Brick Zone),3,10,13.75253,100.5335,1.5,231,7990000,A,2015,28,,,267254,258952,274327,257597,1,1,6530000
4552,2129,1037,ทาวน์ สุขุมวิท 71,Town Sukhumvit 71,3,10,13.74984,100.556,4.3175,466,5990000,A,2014,48,141156,151022,159923,152790,155219,159392,1,1,6580000
2600,2895,1033,พีจี พระราม 9 คอนโดมิเนียม,PG RAMA 9 CONDOMINIUM,3,10,13.72515,100.5769,1.69,216,5600000,U,2011,34,194500,190877,214935,219843,220430,224622,1,1,6700000
4917,8861,1029,เอวา การ์เด้นท์ - แฟมมิลี่ เฮ้าส์,Ava Garden - Family House,3,10,13.80689,100.5194,11.3725,950,5990000,A,2014,45,142246,140052,128452,130799,136401,157864,1,1,6700000
5929,9496,1039,ลิฟวิ่ง เอเชีย คอนโด,Living Asia Condo,3,10,13.74672,100.5629,1.6625,211,6100000,A,2015,35,,,,214235,204218,206122,1,1,6800000
1543,12136,1028,ศิริน เรสซิเด็นซ์ พัฒนาการ,Sirin Residence Pattanakarn,3,10,13.7229,100.5509,4.2675,286,5000000,U,2010,53,133717,131003,131776,133121,140305,138007,1,1,6900000
5384,19226,1004,มอร์นิ่งไซด์ ไฮท์ รัชดา 30,Morning Side Heights Ratchada 30,3,10,13.73152,100.5315,4.22,1180,6790000,A,2015,35,,192441,219976,211021,217572,225639,1,1,6900000
5697,138036,1007,เพลซเซนตัน กรุงเทพ กรีฑา,Pleasanton Krungthep Kreetha,3,10,13.74476,100.5497,0.9675,90,7200000,A,2015,47,,,,,,,,,6909000
6017,19226,1004,เดอะเกรท คอนโด เพชรเกษม 48,The Grate Condo Petchkasem 48,3,10,13.72597,100.527,2.36,428,8900000,A,2015,31,,,,,274753,285674,1,1,6990000
3971,8018,1033,ศุภาลัย คิวท์ รัชโยธิน-พหลโยธิน 34,supalai cute ratchayothin-phaholyothin 34,3,10,13.72864,100.5707,1.72,243,3640000,A,2013,35,172073,194101,206515,206437,217823,223242,1,1,7000000
5494,136802,1007,เดอะ เทมโป แกรนด์ สาทร-วุฒากาศ,The Tempo Grand Sathorn-Wutthakat,3,10,13.74762,100.5282,0.815,79,6600000,A,2015,44,,,155574,173069,180670,177046,1,1,7000000
2362,16294,1004,รีสอร์ทต้า เย็นอากาศ,Resorta Yen-Akat,3,10,13.72306,100.5257,3.4525,562,6400000,U,2011,36,172230,181802,181606,180716,198166,196699,1,1,7400000
3989,16764,1039,เอ็กซ์วีไอ เดอะ ซิกซ์ทีน,XVI The Sixteenth,3,10,13.74983,100.5561,1.815,219,3589996,A,2013,46,148151,152323,153178,153151,152851,176834,1,1,7480000
1108,9881,1004,แฟมมิลี่ เฮ้าส์ เสรีไทย 1,Family house Sereethai 1,3,10,13.72371,100.5234,0.735,71,3300000,U,2010,65,121795,120696,119597,123932,122788,122692,2,2,7500000
4125,7338,1017,สุรวงศ์ ซิตี้ รีสอร์ท,Surawong City Resort,3,10,13.74961,100.5435,1.69,190,4000000,A,2013,58,123888,130353,120289,118420,115492,133900,1,1,7500000
5173,134922,1028,ดิ ยูนีค เท็น ไนน์,The Unique 19,3,10,13.72124,100.5336,1.31,49,47000000,A,2014,50,148924,132756,142205,162265,142602,172468,1,1,7500000
5610,137628,1007,ไฮฟ์ สุขุมวิท 65,Hive Sukhumvit 65,3,10,13.73897,100.5442,4,200,10900000,A,2015,36,,,,,210307,241191,1,1,7500000
3364,5618,1033,แดน ลิฟวิ่ง สาทร-เจริญราษฎร์,Than Living Sathorn-Charoenrat,3,10,13.72535,100.5768,2.04,,5900000,U,2012,34,196926,212712,221912,226864,234343,236323,1,1,7690000
4120,480,1007,พันดาวเพลส สุขุมวิท50,Pandaoplace Sukhumvit 50,3,10,13.74181,100.5443,1.0275,110,5700000,A,2013,34,200345,201792,225760,221556,223394,228332,1,1,7725000
2881,140315,1033,333 ริเวอร์ไซด์,333 Riverside,3,10,13.74497,100.5493,0.7225,48,4700000,A,2011,50,156892,152241,152661,164639,159518,159751,1,1,8000000
3977,1145,1028,ฟิวส์ มิติ สุทธิสาร-รัชดา,Fuse Miti Sutthisan-Ratchada,3,10,13.71945,100.5313,5.445,493,3800000,A,2013,54,133619,136698,138275,132084,127815,132198,1,1,8020000
3072,5618,1033,เย็นสบายดี คอนโด ลาดพร้าว 15,Yensabaidee Condo Ladprao 15,3,10,13.72919,100.5666,1.0625,82,13500000,U,2011,35,189420,182374,196257,165851,171135,199598,1,1,8200000
3507,20228,1009,Free Island ลาดพร้าว 93,Free Island Condo,3,10,13.73255,100.5739,1.925,290,16800000,A,2012,32.05,154199,161739,172203,180567,184612,184559,1,1,8200000
3870,8018,1007,พลัมคอนโด เอ็กซ์ตร้า พระราม 2,Plum Condo Extra Rama 2,3,10,13.74201,100.5501,0,,3900000,U,2013,57,161831,161214,112319,122319,159860,167860,1,1,8200000
384,3902,1033,มาเอสโตร 02 ร่วมฤดี,Maestro 02 Ruamrudee,3,10,13.71595,100.5857,1.3725,,8500000,A,2010,76,95987,98103,109691,108924,126679,110816,2,2,8500000
5696,138016,1033,ลุมพินี เพลส บรมราชชนนี-ปิ่นเกล้า,Lumpini Place Borom Ratchachonni-Pinklao,3,10,13.74336,100.5619,2.685,419,9660000,A,2015,45,,,255995,211632,213342,239630,1,1,8790000
3972,8018,1014,แอสปาย รัชดา-วงศ์สว่าง,Aspire Ratchada-Wongsawang,3,10,13.78135,100.5443,1.455,191,4090000,A,2013,47,148499,168553,175768,183053,190567,204365,1,1,8900000
5492,136802,1007,วิลล่า ลาซาล,Villa Lasalle,3,10,13.73488,100.5411,1.1225,68,8000000,A,2015,45,,,,,188780,195118,1,1,8900000
2894,16779,1007,เดอะ สเตจ เตาปูน-อินเตอร์เชนจ์,The Stage Taopoon Interchange,3,10,13.7402,100.5411,2.91,,2550000,U,2011,56,144622,141014,139801,138175,153847,162130,1,1,9000000
3956,1145,1033,ที-วัน พหลโยธิน 32,T-One Phaholyothin 32,3,10,13.72335,100.5667,5.655,361,17500000,A,2013,48,155448,166326,176570,180286,178863,184027,1,1,9000000
2250,7338,1004,แมกโนเลียส์ วอเตอร์ฟรอนท์ เรสซิเดนท์ ณ ไอคอนสยาม,Magnolias Waterfront Residences ICONSIAM,3,10,13.7275,100.5272,1.32,161,7000000,A,2010,46,182486,201915,198296,201300,208479,223869,1,1,9200000
5457,8861,1004,แดซเซิล สุขุมวิท 7,Dazzle Sukhumvit 7,3,10,13.72898,100.5157,1.9725,211,9000000,A,2015,56,,,162200,160668,174756,176606,1,1,9300000
1552,8998,1039,ศุภาลัย ซิตี้ รีสอร์ท สถานีแบริ่ง (สุขุมวิท 105),"""Supalai City Resort Bearing Station Sukumvit 105 """,3,10,13.73086,100.5816,3.1675,196,6188000,A,2010,45,174418,165123,172740,186151,274876,208348,1,1,9500000
2395,683,1031,ดี5 คอนโดมิเนียม,D5 Condominium,3,10,13.68729,100.518,7.0625,556,7600000,A,2011,75,91566,100210,108884,117483,129472,130592,2,2,9500000
5654,5618,1033,เทมโป วัน รามคำแหง-พระราม 9,Tempo One Ramkhamhaeng-Rama 9,3,10,13.72638,100.5753,1.9225,197,13000000,A,2015,44,,,318233,294749,286044,286462,1,1,9586000
5586,15941,1039,ชีวาทัย อินเตอร์เชนจ์,Chewathai Interchange,3,10,13.73329,100.567,1.75,192,9900000,A,2015,47,,,,,188761,188996,1,1,9710000
3962,7736,1033,โนเบิล รีโคล สุขุมวิท 19,Noble Recole Sukhumvit 19,3,10,13.72387,100.5665,4.73,292,8500000,A,2013,70,214056,213568,238372,218493,252767,243908,1,1,9990000
3087,18524,1033,เดอะคิวบ์ ประชาอุทิศ,The Cube Prachauthit,3,10,13.72808,100.5723,0,246,8200000,U,2011,44,183110,198944,215671,210400,215356,232691,1,1,10140000
2922,16807,1031,ดิ เอซ เอกมัย,The Ace Ekamai,3,10,13.71054,100.5106,12.25,260,12000000,U,2011,61,178476,129564,170867,158059,155621,152434,1,1,10300000
3957,7295,1014,เดอ รูฟ,D' Rouvre,3,10,13.78759,100.5441,1.05,64,10900000,A,2013,80,122110,126984,129420,135286,131358,156796,1,1,10500000
5486,2895,1014,เซ็นทริค ซีน รัชวิภา,Centric Scene Ratchavipha,3,10,13.76945,100.5406,1,86,11000000,U,2015,53,,1141509,294183,285960,269279,271932,1,1,11000000
2890,16775,1033,ชาโตว์ อินทาวน์ พระราม 8,Chateau in town rama 8,3,10,13.7324,100.562,12.765,302,7790000,U,2011,66,146129,153713,159409,161407,177152,172482,1,1,11300000
5805,138141,1018,ชาโตว์ อินทาวน์ สุขุมวิท 64,Chateau in Town Sukhumvit 64,3,10,13.72821,100.5092,4.905,146,45500000,A,2015,59,,,,,,434012,1,1,11300000
3081,2895,1033,แอสปาย สาทร-ท่าพระ,Aspire Sathorn-Thapra,3,10,13.72838,100.5817,4.5175,446,8900000,U,2011,50,201372,214069,226322,229737,243989,249518,1,1,11500000
3204,16774,1009,เดอะทรี ริโอ้ บางอ้อ สเตชั่น,The Tree Rio Bang-Aor Station,3,10,13.72767,100.5756,1.51,153,9700000,U,2012,54,203073,210122,218837,207365,216073,215263,1,1,11500000
2871,16756,1007,เดอะ ฮัดสัน สาทร 7,The Hudson Sathorn 7,3,10,13.73787,100.5462,2.1175,,3200000,U,2011,56,225471,233762,225965,225082,216229,230079,1,1,12000000
2864,16749,1007,ดี เมโมเรีย พหลโยธิน 8,D'Memoria Phaholyothin 8,3,10,13.73468,100.5469,1.1475,78,2550000,A,2011,54,194934,206773,226956,218635,223866,248718,1,1,12500000
5365,5618,1004,เดอะริช แอท สาทร-ตากสิน,The rich @ Sathorn-taksin,3,10,13.72676,100.5411,1.9875,187,15000000,A,2015,56,300000,375075,297155,293825,330301,307041,1,1,12600000
3380,19774,1028,แบงค์คอก เฟ’ลิซ สาทร-ตากสิน,Bangkok Feliz sathorn-taksin,3,10,13.70907,100.5426,2.865,148,14400000,A,2012,76,111313,116148,135021,151131,135088,118180,2,2,12850000
3258,19297,1004,นิช ไอดี บางแค,Niche id Bangkhae,3,10,13.72664,100.5413,1.84,,10000000,U,2012,61,223718,261015,253505,235575,254383,258919,1,1,13000000
3776,20909,1007,เฮ้าส์ 23,Haus 23,3,10,13.7426,100.54,6.675,316,15000000,A,2013,49,225160,195773,218841,225997,225340,212562,1,1,13000000
2951,8018,1007,อัพ เอกมัย,Up Ekamai,3,10,13.74419,100.5484,9.23,1444,10900000,A,2011,40,192854,246180,245693,240486,271839,281177,1,1,13500000
2619,16521,1039,พรอมโต้ คอนโด รัชดา 32,Prompto Condo Ratchada 32,3,10,13.73566,100.5733,2.315,77,9100000,A,2011,100,92641,114971,101201,96973,103420,113489,2,2,13900000
3959,8861,1028,เมโทร ลักซ์ เกษตร,Metro Luxe Kaset,3,10,13.71866,100.5205,4.9475,468,18000000,A,2013,60,186419,176316,209777,159751,204771,201756,1,1,14060000
2926,16811,1004,เมโทร ลักซ์ เอกมัย-พระราม 4,Metro Luxe Ekamai-Rama 4,3,10,13.72524,100.5379,1.84,,10000000,U,2011,60,223718,261015,253505,235575,254383,258919,1,1,14500000
3999,5100,1031,นอตติ้ง ฮิลล์ พหลฯ-เกษตร,Notting Hill Phahol-Kaset,3,10,13.68843,100.5142,4.1275,188,6200000,A,2013,45,,,211264,209340,216448,235769,1,1,16050000
5025,4829,1018,ไทดีดีลักซ์ คอนโดมิเนียม แอท สุขุมวิท 34,Tidy Deluxe Condominium @Sukhumvit 34,3,10,13.72781,100.509,7.6575,379,12100000,A,2014,61,269876,233265,240321,253406,259988,253838,1,1,16220000
3960,1145,1041,โฟร์ซีซั่นส์ ไพรเวท เรสซิเด้นซ์,Four Seasons Private Residences,3,10,13.87369,100.5644,3.4675,130,9900000,A,2013,112,25832,26321,36394,37008,48466,45336,1,1,16900000
3750,2895,1039,แฮปปี้ คอนโด ดอนเมือง เดอะ เทอมินอล,Happy Condo Donmueang The Terminal,3,10,13.73249,100.5708,1.935,,10000000,U,2013,39,260132,263683,273012,267959,279017,291656,1,1,17550000
3344,19563,1033,ศุภาลัย เวลลิงตัน 2,Supalai Wellington II,3,10,13.72764,100.5663,1.1,78,7700000,U,2012,86,155221,156547,175616,194251,193958,174176,2,2,18000000
2880,16765,1039,แชปเตอร์วัน มิดทาวน์ ลาดพร้าว 24,Chapter One Midtown Ladprao 24,3,10,13.7404,100.566,3.765,160,15000000,U,2011,112,138259,142151,167249,185246,176094,176701,2,2,19500000
3954,9496,1007,เอ็ม จตุจักร,M Jatujak,3,10,13.73595,100.5391,4.405,240,14600000,A,2013,70,304833,341622,341078,346486,354910,381324,1,1,22000000
5388,16817,1007,ศาลาแดง วัน,Saladaeng One,3,10,13.73518,100.5424,3,187,83000000,A,2015,80,,293865,360198,353214,327902,342782,2,2,23390000
2892,16777,1028,อาท แอท ทองหล่อ 25,Art @Thonglor 25,3,10,13.73199,100.5095,0,133,28000000,A,2011,70,122110,99220,76330,105284,186083,266881,1,1,24150000
5171,11066,1025,โดว์เช่ อุดมสุข,Dolce Udomsuk,3,10,13.79906,100.5098,10.2,1412,2990000,A,2014,30,,,25420,64490,26685,63500,1,1,27000000
3961,1145,1007,แอชตัน จุฬา-สีลม,Ashton Chula-Silom,3,10,13.74087,100.5495,4.2375,219,9000000,U,2013,100,214056,213568,233182,218493,252767,243908,2,2,28000000
2978,17142,1007,วิสซ์ดอม อเวนิว รัชดา-ลาดพร้าว,Whizdom Avenue Ratchada-Ladprao,3,10,13.7476,100.5445,8.79,218,36200000,A,2011,140,250922,183032,213862,247373,255846,205502,2,3,30000000
5315,140588,1028,นิมิต หลังสวน,Nimit Langsuan,3,10,13.71174,100.5095,35.67,355,30000000,A,2015,116,,,,,248503,258796,2,2,31000000
2320,16063,1012,พรีมิโอ เฟรสโก,Premio Fresco,3,10,13.67912,100.5394,2.295,22,,U,2011,276,,,,,,,1,1,32400000
2866,16751,1039,เดอะ ทีค พัฒนาการ-ทองหล่อ,The Teak Phattanakarn-Thonglor,3,10,13.73327,100.5708,0,59,37000000,A,2011,220,165548,176453,113748,173393,165991,179134,2,3,40000000
3952,7338,1039,มาเอสโตร 01 สาทร-เย็นอากาศ,Maestro 01 Sathorn-Yenakat,3,10,13.73005,100.5709,3,149,30000000,A,2013,120,,,286317,301819,310556,324242,2,2,45000000
2877,16762,1033,เจดับบลิว คอนโด แอด ดอนเมือง,JW Condo @Donmuang,3,10,13.72645,100.5735,3.31,48,38000000,A,2011,294,143889,159697,159697,151923,168053,158852,4,4,47040000
2300,15649,1028,ไซมิส นางลิ้นจี่,Siamese Nang Linchee,3,10,13.71688,100.5464,2.0025,,25000000,U,2011,450,90648,28471,62010,95549,130563,145490,3,3,60000000
2867,16752,1033,โพรดิจี้ เอ็มอาร์ที บางแค,Prodigy MRT Bangkhae,3,10,13.72689,100.5684,0,,40000000,U,2011,322,137360,120020,151329,150914,127223,98645,4,4,60000000
3950,140535,1039,เลอ ครีก สุขุมวิท 64/2,Le Crique Sukhumvit 64/2,3,10,13.72928,100.5794,0.5825,,50000000,A,2013,262,234246,242974,251702,260431,269159,266178,4,4,65000000
3951,16817,1004,ไฮด์ สุขุมวิท 11,Hyde Sukhumvit 11,3,10,13.72378,100.5279,9,209,30000000,A,2013,151,349349,350122,358534,316162,327286,402446,2,3,70000000
3949,16755,1007,ยูนิโอ คอนโด จรัญฯ 3,Unio Condo Charan 3,3,10,13.74008,100.5396,3.2725,53,75000000,A,2013,325,,,159668,182485,319924,344031,3,3,118000000
1296,3188,1033,ยู ดีไลท์ รัชวิภา,U Delight Ratchavibha,3,10,13.7364,100.5735,2.2225,77,3000000,U,2008,,,,,,,,,,
2570,9760,1005,เดอะ รูม เจริญกรุง 30,The Room Charoenkrung 30,3,10,13.88754,100.6001,6.035,,3690000,U,2011,22,,,,,,,1,1,
2904,16789,1030,แดน ลิฟวิ่ง พระราม 9-แอร์พอร์ต ลิงก์,Than Living Rama 9-Airport Link,3,10,13.83816,100.5825,2.59,435,1350000,A,2011,,,,,,,,,,
2908,16793,1006,ดิ เอ็กเซล ไฮดะเวย์,The Excel Hideaway,3,10,13.77798,100.641,0,393,1200000,A,2011,,,,,,,,,,
2924,16809,1020,ดิ เอ็กเซล ไฮบริด,The Excel Hybrid,3,10,13.76703,100.4767,12.5875,,880000,U,2011,,,,,,,,,,
2962,17035,1007,แซฟวี่ พหล-อารีย์,SAVVI Phahol-Ari,3,10,13.71554,100.5906,20.825,127,,U,2011,,,,,,,,,,
2991,12741,1039,ไนท์บริดจ์ สกายซิตี้ สะพานใหม่,KnightsBridge Sky City Sapanmai,3,10,13.74478,100.5767,1.57,135,4200000,U,2011,,,,,,,,,,
3028,8018,1004,ดีมูระ พหลฯ-เกษตร,D'Mura Phahol-Kaset,3,10,13.71939,100.5195,9.23,,8600000,U,2011,,,,,,,,,,
3049,17956,1025,เดอะ โมนูเมนต์ สนามเป้า,THE MONUMENT SANAMPAO,3,10,13.7893,100.5057,3.8025,123,16000000,A,2011,,,,,,,,,,
3178,6417,1047,บริกซ์ คอนโดมิเนียม,BRIX Condominium,3,10,13.6818,100.6101,4.58,654,2760000,U,2012,,,,,,,,,,
3199,19134,1047,คลาส สารสิน-ราชดำริ,KLASS SARASIN-RAJDAMRI,3,10,13.65911,100.6114,37.17,,850000,U,2012,,,,,,,,,,
3555,20340,1017,แอสปาย ลาดพร้าว 113,Aspire Ladprao 113,3,10,13.79485,100.5884,0.8375,52,1890000,A,2012,,,,,,,,,,
3561,3807,1032,คลาส สยาม,KLASS SIAM,3,10,13.71739,100.6429,3.775,501,1299996,U,2012,,,,,,,,,,
3598,10845,1047,บลอสซั่ม คอนโด แอท แฟชั่น บียอนน์,Blossom Condo @Fashion Beyond,3,10,13.66677,100.6373,5.8925,602,1800000,U,2012,,,,,,,,,,
3687,20284,1017,แอสปาย วุฒากาศ,ASPIRE Wutthakat,3,10,13.77662,100.582,1.5725,192,1900000,A,2013,,,,,,,,,,
3854,3525,1026,เดอะ ไลน์ จตุจักร-หมอชิต,The Line Jatujak-Mochit,3,10,13.79706,100.5704,0.5375,52,1800000,U,2013,,,,,,,,,,
4020,13034,1047,Rhythm Rangnam,Rhythm Rangnam,3,10,13.74837,100.6456,0,62,2160000,U,2013,,,,,,,,,,
4041,11515,1017,ไลฟ์ อโศก,Life Asoke,3,10,13.7496,100.5693,18.03,549,1490000,U,2013,,,,,,,,,,
4053,11515,1017,ศุภาลัย เอลีท สุรวงศ์,Supalai Elite Surawong,3,10,13.78644,100.5708,7,170,1890000,U,2013,,,,,,,,,,
4064,16783,1030,ศุภาลัย ลอฟท์ สถานีตลาดพลู,Supalai Loft @ Talat Phlu Station,3,10,13.81484,100.5723,0.455,27,3597000,A,2013,,78233,70244,67561,67567,67561,67561,,,
4091,15941,1033,โนเบิล บี เทอร์ตี้ทรี สุขุมวิท,Noble Be 33 Sukhumvit,3,10,13.72182,100.5603,2,350,3465000,U,2013,,,,,,,,,,
4124,568,1039,นิช ไพร์ด ทองหล่อ-เพชรบุรี,Niche Pride Thonglor-Phetchaburi,3,10,13.74347,100.5544,0,93,9000000,A,2013,,,,,,,,,,
4138,9403,1033,เอคิว อาเรีย อโศก,AQ ARIA ASOKE,3,10,13.79628,100.5647,0,79,3000000,A,2013,,,,,,,,,,
4362,20284,1017,ดิ ยู นีค เกษตร-นวมินทร์,The Unique Kaset-Nawamin,3,10,13.77542,100.5818,1.2875,167,1900000,A,2013,,,,,,,,,,
4692,16647,1049,เดอะเนสท์ สุขุมวิท 22,The Nest Sukhumvit 22,3,10,13.64063,100.4779,1,106,1190000,A,2014,,,,,,,,,,
4702,3548,1045,อินเตอร์ ลักส์ พรีเมียร์ สุขุมวิท 13,Interlux Premier Sukhumvit 13,3,10,13.79661,100.597,0,112,1000000,A,2014,,,,,,,,,,
4729,8259,1041,ไซมิส เอ็กซ์คลูซีฟ สุขุมวิท 31,Siamese Exclusive Sukhumvit 31,3,10,13.89273,100.5622,2,158,1550000,U,2014,,,,,,,,,,
4777,5256,1022,เดอะ ไลน์ สุขุมวิท 71,The line Sukhumvit 71,3,10,13.71123,100.4274,1.1225,185,1290000,A,2014,,,,,,,,,,
4778,5942,1049,เดอะ รูม สาทร-เซนต์หลุยส์,The room sathorn-st.louis,3,10,13.64703,100.4951,3.5325,363,1790000,A,2014,,,,,,,,,,
4781,10657,1005,เดอะคีย์ สาทร-เจริญราษฏร์,The Key Sathorn-Charoenrat,3,10,13.85342,100.6364,2.42,212,1470000,A,2014,,,,,,,,,,
4804,9984,1045,สินธร เรสซิเดนซ์,Sindhorn Residence,3,10,13.76746,100.6383,0.9375,78,1460000,A,2014,,,,,,,,,,
4837,5006,1038,เดอะ รีมาร์ค เอเบิ้ล ศูนย์วิจัย 2,The Remarkable Soonvijai 2,3,10,13.80138,100.6039,1.0825,45,1720000,A,2014,,,,,,,,,,
4838,16695,1031,คิว ชิดลม-เพชรบุรี,Q Chidlom-Phetchaburi,3,10,13.70265,100.5062,11.4475,132,1700000,A,2014,,,,,,,,,,
4850,10644,1044,คุรุธานี ไพรเวซี,Kuruthanee Privacy,3,10,13.74605,100.6649,12.21,946,1490000,U,2014,,,,,,,,,,
4871,11382,1022,ยู ดีไลท์ @บางซ่อน สเตชั่น,U Delight @Bangson Station,3,10,13.72156,100.4407,1.6125,203,799000,A,2014,,,,,,,,,,
4888,5006,1010,ดีไซน์ คอนโด รัชดา 18,Dsign Condo Ratchada 18,3,10,13.8087,100.7156,1.03,50,2280000,A,2014,,,,,,,,,,
4896,2523,1033,แชมเบอร์ส ชาน ลาดพร้าว-วังหิน,CHAMBERS CHAAN Ladprao-Wanghin,3,10,13.70338,100.5912,0.555,60,1900000,U,2014,,,,,,,,,,
4928,11686,1030,บีทนิค สุขุมวิท 32,Beatniq Sukhumvit 32,3,10,13.80852,100.5713,0.5025,66,2000000,U,2014,,,,,,,,,,
5022,9188,1030,เอพพิโซด พหลฯ-สะพานใหม่,Episode Phaholyothin-Sapanmai‎,3,10,13.83302,100.5736,0.6625,78,2700000,A,2014,,,,,,,,,,
5041,6414,1027,เทมโป ควอด สะพานใหม่,Tempo Quad Saphanmai,3,10,13.83461,100.6402,0,50,1300000,U,2014,,,,,,,,,,
5104,138654,1024,ชีวาทัย เรสซิเดนซ์ บางโพ,Chewathai Residence Bang Pho,3,10,13.65462,100.4981,1.86,275,1590000,A,2014,,,,,,,,,,
5112,134514,1039,เอสตาเบ พหลโยธิน 18,Estabe Phahonyothin 18,3,10,13.72922,100.5936,0.4575,69,2990000,A,2014,,,,,,,,,,
5155,9905,1025,ศุภาลัย ไลท์ รัชดาฯ-นราธิวาส-สาทร,Supalai Lite Ratchada-Narathivas-Sathorn,3,10,13.77179,100.4927,2.92,506,2690000,A,2014,,,,,,,,,,
5213,779,1040,ดิ เอส อโศก,The Esse Asoke,3,10,13.70563,100.4222,4.0675,434,1500000,A,2014,,,,,,,,,,
5275,135264,1030,คราฟท์ เพลินจิต,Craft Ploenchit,3,10,13.82008,100.5841,0.5925,78,1790000,A,2014,,,,,,,,,,
5302,15444,1005,เดอะไพรเวซี่ ลาดพร้าว-เสนา,The Privacy Ladprao-Sena,3,10,13.85992,100.5874,1.54,194,3690000,A,2015,,,,,,,,,,
5325,4159,1017,แดน ลิฟวิ่ง รัชดา-วงศ์สว่าง,Than Living Ratchada-Wongsawang,3,10,13.76679,100.5811,12.725,1092,2690000,A,2015,,,,,,,,,,
5376,1583,1047,ไลฟ์ ปิ่นเกล้า,Life Pinklao,3,10,13.676,100.6124,0.7775,79,2700000,A,2015,,,,,,,,,,
5390,140837,1005,เดอะ เรสซิเดนซ์ แอท แมนดาริน โอเรียนเต็ล กรุงเทพฯ,The Residences at Mandarin Oriental Bangkok,3,10,13.86345,100.6162,2,266,1990000,A,2015,,,,,,,,,,
5394,20865,1034,ฮัมเบิล ลิฟวิ่ง อยู่เย็น รัชดา-สุทธิสาร,Humble Living @ Yuyen Ratchada-Sutthisan,3,10,13.73915,100.6035,0.7125,79,2790000,A,2015,,,,,,,,,,
5398,7338,1028,เดอะ ไลน์ ราชเทวี,The Line Ratchathewi,3,10,13.71773,100.548,0.995,88,4900000,A,2015,,,,,,,,,,
5401,6280,1036,แบงค์คอก เฟ'ลิซ @ สถานีบางแค,Bangkok Feliz @ Bangkae Station,3,10,13.92405,100.598,5.94,673,1200000,U,2015,,,,,,,,,,
5419,136245,1047,เอชทู รามอินทรา 21,H2 รามอินทรา 21,3,10,13.68552,100.6096,1.3475,169,2350000,A,2015,,,,,,,,,,
5448,140945,1025,ธนา แอสโทเรีย ปิ่นเกล้า,Thana Astoria Pinklao,3,10,13.73262,100.4672,17.165,1932,1290000,A,2015,,,,,,,,,,
5460,140565,1006,แบงค์คอก ฮอไรซอน รัชดา-ท่าพระ,Bangkok Horizon Ratchada-Thapra,3,10,13.73701,100.6405,3.0675,530,2090000,W,2015,,,,,,,,,,
5461,10041,1047,ไวร์ รัชดา 19,Wire Ratchada 19,3,10,13.66319,100.6078,1.3125,159,1590000,U,2015,,,,,,,,,,
5479,15444,1005,เดอะ ลอฟท์ อโศก,The Lofts Asoke,3,10,13.88756,100.6041,2.89,490,5500000,A,2015,,,,,,,,,,
5495,15941,1043,ศุภาลัย ริวา แกรนด์,Supalai Riva Grand,3,10,13.81854,100.6798,2.2825,453,1990000,A,2015,,,,,,,,,,
5550,11515,1026,เอส เจ เรสซิเดนซ์ บางแวก 63,SJ Residence Bangwaek 63,3,10,13.75545,100.5648,1.665,315,3980000,U,2015,,,,,,,,,,
5582,20402,1039,เคนซิงตัน พหลฯ-เกษตร,Kensington Phahol-Kaset,3,10,13.74753,100.5583,1.22,143,3900000,A,2015,,,,,,,,,,
5612,137634,1017,แอชตัน สีลม,Ashton Silom,3,10,13.74845,100.5869,0.81,78,3900000,A,2015,,,,,,,,,,
5653,5618,1038,ไอดีโอ โมบิ บางซื่อ-แกรนด์ อินเตอร์เชนจ์,Ideo Mobi Bangsue-Grand Interchange,3,10,13.82645,100.5917,3.8375,317,3390000,A,2015,,,,,,,,,,
5708,140565,1029,ฟินน์ อารีย์,Fynn Aree,3,10,13.83132,100.5249,4.505,707,2200000,W,2015,,97000,,,,,,,,
